id,latitude,longitude,room_type,minimum_nights,number_of_reviews,reviews_per_month,calculated_host_listings_count,availability_365,price
1,40.64981604753894,-74.1074335355807,Entire home/apt,3,37,4.027394847468307,3,252,160
2,40.88028572256397,-73.92904952631082,Entire home/apt,9,210,5.196116758030075,4,285,203
3,40.79279757672456,-73.7635270820618,Private room,5,248,9.965263087986191,9,267,124
4,40.73946339367881,-73.83388755679522,Entire home/apt,8,226,1.3521731371285473,5,290,198
5,40.56240745617698,-73.79671942606927,Entire home/apt,7,47,6.754560453364256,8,332,143
6,40.56239780813448,-73.87060831664465,Private room,14,17,3.960009663856152,6,179,91
7,40.52323344486728,-73.85386171774108,Entire home/apt,8,294,1.3300979890732878,3,357,178
8,40.84647045830997,-73.77540217421735,Private room,7,195,1.5873676337430953,8,234,111
9,40.74044600469728,-74.07516599557042,Entire home/apt,3,186,9.49273106245617,9,342,177
10,40.78322903111842,-73.95528751817844,Entire home/apt,2,223,8.796014967117621,8,195,153
11,40.50823379771832,-74.0893952790902,Entire home/apt,7,228,9.070419604150219,4,307,185
12,40.88796394086479,-73.70616599600167,Entire home/apt,3,76,9.915327758273865,6,79,125
13,40.83297705632017,-73.7279703301567,Private room,3,187,2.0831539000851795,1,134,81
14,40.58493564427131,-74.18028659431575,Entire home/apt,2,269,3.5543933736406172,4,21,239
15,40.57272998688284,-73.84721241374216,Entire home/apt,4,94,6.692190299248667,8,330,149
16,40.573361803941374,-73.73737584129216,Entire home/apt,8,131,4.838025398606472,1,224,177
17,40.62169689718382,-74.10971232743634,Entire home/apt,12,38,4.183895333783335,3,57,187
18,40.709902572652894,-73.91602738472369,Private room,1,71,3.5781124933559303,1,92,50
19,40.67277800745685,-73.74225585120598,Entire home/apt,1,280,5.937806319434522,9,191,200
20,40.61649165607922,-74.18302701070711,Private room,12,159,5.75593428640082,2,102,118
21,40.74474115788895,-73.85128986637659,Shared room,14,186,1.6145783406424008,9,6,121
22,40.55579754426082,-74.05132549631372,Entire home/apt,5,190,4.71739837518439,4,127,145
23,40.61685785941409,-73.73780190231174,Private room,11,119,5.534717762098499,2,54,130
24,40.64654473731748,-73.71447087741731,Entire home/apt,5,219,5.702869387313905,4,230,157
25,40.682427993686815,-73.72786675544329,Entire home/apt,11,52,2.101071929123518,6,361,176
26,40.814070384557205,-73.96289289167127,Entire home/apt,12,221,7.422713922522868,7,61,171
27,40.57986951286335,-73.76897867450535,Private room,1,130,0.25199094821069634,3,239,118
28,40.70569377536545,-73.77772530073247,Shared room,6,236,3.5483185554316266,3,89,74
29,40.736965827544815,-74.04044976337838,Entire home/apt,1,245,7.802126485356336,8,231,137
30,40.518580165088,-73.78554226292466,Private room,5,225,5.638929210554023,5,232,50
31,40.74301794076057,-74.18149618264226,Entire home/apt,9,207,2.611624325108602,4,353,174
32,40.568209649474916,-73.90186506075898,Entire home/apt,12,95,6.949531193430477,7,332,154
33,40.526020637194115,-74.08499558135615,Entire home/apt,14,199,5.673909441560734,7,291,177
34,40.87955421490133,-74.13971655711137,Shared room,5,246,7.962436094563872,9,344,69
35,40.886252813229824,-74.1615233991854,Private room,6,71,7.350251861898234,9,151,137
36,40.82335893924658,-73.85185561206093,Entire home/apt,8,184,6.1010792203623465,5,144,173
37,40.62184550766935,-74.03006251811597,Entire home/apt,11,5,4.88177675310814,8,129,141
38,40.53906884560255,-73.83761661423563,Entire home/apt,1,205,1.331821256675234,1,140,177
39,40.77369321060486,-74.16732182960052,Entire home/apt,14,31,2.613330178853838,9,92,144
40,40.67606099749584,-74.0423548310847,Entire home/apt,2,98,4.1909947291708525,8,113,161
41,40.54881529393791,-73.93025435381233,Private room,9,255,5.992992870063887,6,283,91
42,40.69807076404451,-73.80463841758052,Entire home/apt,3,186,5.137078552153048,3,142,168
43,40.51375540844609,-74.04062374853397,Entire home/apt,6,75,2.881845259595295,3,222,147
44,40.86372816083151,-73.8870543117815,Entire home/apt,5,176,0.06464357789710551,8,231,145
45,40.60351199264001,-73.7570111258819,Private room,11,286,4.962392219008139,5,32,178
46,40.76500891374159,-73.89206840590884,Private room,2,254,2.856259885622431,7,275,93
47,40.624684430435764,-74.08352026262318,Entire home/apt,14,189,7.346083007105351,5,169,169
48,40.70802720847112,-74.18779960922173,Private room,7,126,0.2394626527048349,8,139,86
49,40.71868411173731,-73.76495056304954,Entire home/apt,4,286,5.8482781130579085,4,356,184
50,40.57394178221021,-74.18936529457481,Entire home/apt,1,253,9.414742375060655,2,200,149
51,40.887833851105825,-73.7626491636579,Entire home/apt,13,212,1.744092671114995,3,22,208
52,40.810053129344446,-73.9355314329864,Entire home/apt,4,249,4.716494907505954,8,223,215
53,40.875799576625674,-73.73046615074355,Entire home/apt,6,83,0.9142199181713817,7,269,141
54,40.85793094017106,-73.80060838211317,Private room,7,12,6.256819122613527,2,346,115
55,40.73915999152443,-73.70103294473333,Private room,7,44,5.505316805962256,6,152,86
56,40.868749694009246,-74.02464409227414,Private room,14,126,4.073655242128323,9,332,132
57,40.535397000820765,-73.81640585553444,Entire home/apt,7,113,5.213770214737412,4,84,205
58,40.578393144967656,-73.99903454319538,Entire home/apt,3,275,8.965746584690102,9,108,172
59,40.518090915564215,-73.96006218984805,Private room,6,204,1.9629430231106704,2,30,99
60,40.630132132305306,-73.88624726839082,Entire home/apt,13,272,0.22564511705347234,2,228,196
61,40.65547091587579,-73.76316144290683,Entire home/apt,8,57,8.61664884699101,9,239,160
62,40.608539612709556,-73.70795826540035,Entire home/apt,4,218,5.771170823879065,7,362,181
63,40.83149500366077,-73.81586329306775,Private room,13,108,8.906584554618425,7,309,94
64,40.64270133067743,-73.99111660891634,Entire home/apt,8,278,5.969452234131726,1,140,160
65,40.61237380387495,-73.98932149886147,Entire home/apt,2,173,8.101610899597025,6,155,190
66,40.717078433263296,-73.83120884920555,Private room,10,263,4.296733633551479,7,298,122
67,40.55636968998991,-74.08061142711585,Entire home/apt,9,110,7.498599312882687,6,344,132
68,40.82087879230161,-74.1447629434343,Entire home/apt,9,186,9.13041466889856,6,98,182
69,40.52982025747191,-74.02268892117961,Entire home/apt,8,268,5.721229637222063,2,46,206
70,40.894754774640205,-74.05638050417296,Entire home/apt,10,228,1.8078515056237954,6,326,166
71,40.80889790771866,-74.05184593977201,Private room,14,155,2.6879761503019814,4,66,137
72,40.57948627261367,-74.08319612447505,Entire home/apt,13,188,1.9864457689740578,9,61,156
73,40.50220884684944,-74.17895340518182,Entire home/apt,10,271,2.468570275957329,1,108,173
74,40.82618457138193,-74.1910630326333,Private room,1,1,3.0641544935103635,8,166,105
75,40.78274293753905,-73.70613880513199,Private room,2,245,5.551337867531885,5,36,136
76,40.79160286721639,-73.98611343313208,Private room,6,209,5.879916294638328,1,118,83
77,40.80850813867438,-74.00783667642017,Entire home/apt,10,285,4.264997472418611,4,85,182
78,40.529617860693634,-73.86017635865346,Entire home/apt,5,12,6.154207798208354,1,51,142
79,40.643386291417706,-74.09087305606747,Shared room,12,95,0.8157492561136592,6,90,76
80,40.54634762381005,-73.72501940802489,Private room,14,220,0.8778823705815997,2,288,115
81,40.84524137035024,-73.80682749279222,Entire home/apt,9,237,1.7182946035765845,5,336,175
82,40.74931925073102,-74.15529449884387,Entire home/apt,5,93,5.180774980403448,7,297,138
83,40.63235920994106,-73.99120961210754,Entire home/apt,2,268,2.1399467869831357,2,203,172
84,40.52542334011441,-73.76044084621893,Private room,10,170,2.832844034925773,6,237,126
85,40.62439292868626,-73.7276339888543,Entire home/apt,4,93,4.0031283617299405,6,154,143
86,40.630073328810695,-73.96629924437507,Entire home/apt,9,148,8.118661240103798,5,239,164
87,40.79184247133522,-73.89329430539465,Entire home/apt,1,111,0.13862135912860118,5,135,142
88,40.75502298854209,-74.11648302695397,Private room,11,54,6.493788202366224,3,361,71
89,40.85488509703053,-73.70441568693151,Private room,1,115,6.688765310406853,2,63,99
90,40.68888597006478,-74.08416414930828,Entire home/apt,12,142,7.986557803566365,7,122,167
91,40.54783769837532,-73.72863411293244,Private room,7,200,9.327529390603132,1,253,149
92,40.7852979148892,-73.87517667550382,Shared room,11,179,0.20137848949289827,6,113,58
93,40.80431401944676,-73.89613160256057,Entire home/apt,3,201,1.5378370551321618,6,19,189
94,40.7245108790278,-73.94365574449175,Entire home/apt,10,52,8.861712940559931,3,15,150
95,40.808386871981824,-74.08466509414113,Entire home/apt,2,179,4.585185621870154,2,144,180
96,40.697518238545754,-74.11173598399725,Private room,9,136,5.645906389334635,2,207,111
97,40.709093131752795,-74.08975689546492,Entire home/apt,3,181,6.630272037231474,9,18,217
98,40.671016407343416,-74.10678086892787,Private room,2,0,6.790666044956374,5,165,112
99,40.51016765069764,-73.81020776321662,Private room,12,43,9.317404033165083,7,37,121
100,40.54315657079732,-74.02493737041664,Entire home/apt,8,226,9.969494174116697,5,180,163
101,40.512571674274696,-74.1710786617183,Private room,10,97,7.201574609309402,7,348,103
102,40.75456416450551,-73.7154486849296,Entire home/apt,6,207,2.872212092051508,4,104,168
103,40.62574239243053,-73.75810705751829,Entire home/apt,6,264,8.797524022943437,8,99,195
104,40.70342827646588,-73.7361238584024,Private room,10,287,0.49220914540761607,7,89,135
105,40.86302658957044,-73.70254608867678,Private room,11,270,2.3108085287449622,5,299,111
106,40.59971689165955,-74.11305237539025,Entire home/apt,7,139,8.973857174637148,6,331,134
107,40.66415316921425,-74.00187899054868,Private room,7,236,2.5619151443935495,5,78,140
108,40.80222045541722,-73.82088076214795,Private room,11,71,2.206510596217485,7,72,108
109,40.59151926619665,-73.85198969097311,Entire home/apt,13,154,1.3812529314024724,2,175,159
110,40.53079196393152,-74.12305204683008,Shared room,6,189,8.591117576469165,5,95,79
111,40.615900581165505,-73.7920834375047,Entire home/apt,4,267,5.000582591910867,3,344,178
112,40.564488514901605,-74.08777971408168,Entire home/apt,11,106,6.748932030541548,9,102,186
113,40.871879060937026,-74.08809119258869,Entire home/apt,9,231,2.390663840750297,6,223,134
114,40.823248151825766,-73.93151278855329,Private room,6,41,7.580404210112165,3,5,106
115,40.75336150260417,-73.90353003257916,Private room,4,189,7.600055449620985,7,121,140
116,40.848584236075084,-73.9099568960811,Entire home/apt,12,138,3.1259802490830015,4,235,175
117,40.82146883075964,-74.15425658130113,Entire home/apt,3,102,4.1068263301028285,3,115,195
118,40.57462802355441,-73.76126956868481,Private room,4,170,2.0969027743020083,8,162,82
119,40.85702359939599,-74.06719997870564,Entire home/apt,3,272,9.765610233229044,4,225,198
120,40.71573689676626,-74.1352425393586,Private room,2,220,6.456025770584116,1,229,132
121,40.82297606206562,-73.75562596006552,Private room,14,212,9.345438807155155,6,181,77
122,40.858436519969395,-73.72217425088513,Entire home/apt,5,55,3.033855436291332,1,248,149
123,40.62720138998875,-73.76893619136727,Shared room,2,101,7.8189091299688975,5,317,57
124,40.54402076981107,-73.79524196263756,Entire home/apt,6,191,7.65858643884742,7,209,136
125,40.59117406501677,-73.87237900968049,Shared room,3,199,6.916556518665415,6,143,64
126,40.6708431154505,-73.92457131469543,Private room,6,232,9.656389752668005,2,344,130
127,40.827205906368995,-74.1565066200443,Private room,11,226,3.9355533610631555,4,95,104
128,40.84429223330254,-73.99577339346466,Entire home/apt,10,138,1.307173235897573,2,345,168
129,40.502780852212474,-74.01365574149385,Private room,9,148,6.717088592440607,1,243,109
130,40.704298921031025,-74.07012310811984,Entire home/apt,1,114,7.2930980047720615,3,85,161
131,40.66696440125951,-73.83828994315571,Entire home/apt,6,62,5.750605734588147,3,183,142
132,40.588843124188294,-73.95206213246061,Entire home/apt,9,103,2.0681789313339625,7,120,173
133,40.54794614693347,-74.15947689204617,Entire home/apt,11,155,5.044559416693554,1,331,133
134,40.63504606856145,-74.08990839902509,Entire home/apt,4,272,3.121897365691294,9,91,177
135,40.877163881565004,-73.8583706181702,Private room,11,5,4.27466528166689,6,69,118
136,40.6292811728083,-74.16193457025486,Private room,12,146,6.452185758446639,4,132,95
137,40.707516248697345,-73.77439654297562,Entire home/apt,2,183,7.452147426908345,3,278,153
138,40.78120758355807,-73.95242673649301,Private room,13,27,2.3222469090134314,3,136,107
139,40.645451840951715,-73.95970671133668,Entire home/apt,4,37,4.053253606469534,2,313,156
140,40.888712833088384,-73.90379610767025,Private room,1,118,2.6916157099162916,2,186,116
141,40.884978917976845,-73.78765951703743,Private room,3,292,1.9863161386186912,5,220,119
142,40.600712918330146,-74.0260953960489,Entire home/apt,10,243,7.833872199958384,9,45,146
143,40.69889940235695,-73.86099192372048,Private room,9,67,9.092526944369924,2,277,120
144,40.620351323926705,-73.9171340180021,Entire home/apt,10,213,3.702321856845767,2,191,212
145,40.61393619775099,-74.0664858649153,Entire home/apt,5,217,7.512789243737669,6,7,217
146,40.514754778941814,-73.76068500682243,Private room,11,176,8.96995289364411,2,275,36
147,40.743825733591954,-73.80128698919654,Entire home/apt,6,298,8.461242105302315,4,178,188
148,40.701071609291546,-73.87077408267079,Entire home/apt,3,163,1.828133885392259,6,333,156
149,40.5205915005,-73.77470913545288,Entire home/apt,5,57,9.562918815133614,5,38,154
150,40.61145858569464,-73.7663528995201,Private room,11,268,3.7667644042946247,1,292,119
151,40.86330635438666,-73.84581851164249,Entire home/apt,8,57,3.3924066117383633,6,177,152
152,40.595824756266786,-73.78149333581817,Entire home/apt,6,287,0.6243132727778034,1,161,188
153,40.55795794883649,-73.85126426916536,Private room,4,104,4.86173654104883,3,330,101
154,40.69578110411103,-73.85992961411985,Private room,2,227,1.090136156409287,5,103,90
155,40.89426018164424,-73.89069431089241,Entire home/apt,14,246,2.48539820927426,5,160,163
156,40.5968221086046,-73.82364168022119,Entire home/apt,9,187,3.1694262176728136,6,286,153
157,40.76885421896235,-74.12069744735346,Entire home/apt,13,82,8.088263234916841,8,122,123
158,40.80464784613149,-73.75956462040054,Entire home/apt,12,185,8.754886503958964,5,53,141
159,40.59505501759696,-73.76407823612739,Entire home/apt,1,251,3.024663174614697,1,33,190
160,40.79128653944474,-74.18537635848273,Private room,1,237,8.586981212445739,5,241,142
161,40.6471132530877,-73.78709162471762,Private room,13,183,8.57230937369791,3,112,97
162,40.75292233223743,-74.13556506626328,Private room,4,283,7.646509503848735,4,317,103
163,40.753411884304356,-74.03244057287043,Entire home/apt,7,209,1.4669511401518154,8,22,167
164,40.7143098736299,-73.8282458718542,Private room,1,295,6.90322846900729,7,45,140
165,40.53611590802176,-74.11962005197584,Entire home/apt,9,96,9.450240645805687,5,311,183
166,40.8341209982357,-73.79101648794047,Shared room,4,207,6.82540478767157,2,134,110
167,40.62831202598869,-73.78393291102113,Private room,3,136,3.3161684910783396,6,117,109
168,40.57460740415994,-73.94626613311958,Entire home/apt,1,183,5.005793174308312,6,188,171
169,40.516310056621904,-74.19680706414158,Private room,10,75,6.457250433510536,6,130,86
170,40.736357177275295,-74.05648093341254,Entire home/apt,4,286,5.105704087285035,9,211,171
171,40.77102574473691,-73.89153654081213,Private room,9,141,1.1995294173096982,8,112,116
172,40.506635131571144,-73.70940691098629,Entire home/apt,13,236,3.1206404465202064,8,43,187
173,40.704837223319714,-73.88409323649167,Entire home/apt,14,24,8.023960305536326,1,127,149
174,40.59059831007917,-74.07009820946793,Private room,10,289,8.614180460955174,5,363,118
175,40.75806911616378,-73.8829971484502,Entire home/apt,6,66,1.3730003271557023,7,157,144
176,40.569746571601996,-73.93000731014207,Private room,6,249,9.523867523987246,6,272,113
177,40.77637509524099,-73.81007730242443,Entire home/apt,1,117,3.2882261784860933,5,314,121
178,40.65469413852021,-74.14650968058652,Private room,10,72,6.6231373873071995,8,354,108
179,40.87469199549469,-73.81948604874898,Private room,2,281,7.5182514595668115,3,339,165
180,40.555008377658396,-73.92936671066195,Entire home/apt,11,9,8.119462346378834,6,44,159
181,40.6364265404201,-73.7185039980705,Entire home/apt,6,210,9.457497022259302,5,107,178
182,40.545389408496234,-74.02906391698066,Entire home/apt,2,151,3.1291954802882262,8,218,182
183,40.869877447311424,-73.88368905343303,Entire home/apt,3,4,8.585064545515545,4,317,176
184,40.850935741352394,-73.73398594724499,Entire home/apt,4,194,1.3168690343620704,8,314,164
185,40.60317665108606,-74.14874513600466,Private room,11,282,7.050409063535927,2,176,82
186,40.76399361841367,-73.73138575638178,Private room,5,112,7.419777295139859,9,227,106
187,40.82688888008048,-73.8560571388496,Private room,9,270,6.777232412013205,9,190,119
188,40.722080324639784,-74.16608147044742,Private room,12,162,2.52314736135153,6,159,99
189,40.7118602313424,-74.0495182165266,Private room,4,104,8.730431470152034,4,266,97
190,40.59674091636018,-73.84591395567736,Private room,13,180,1.68858463370395,4,357,110
191,40.53724110712236,-74.16632469926562,Entire home/apt,11,43,0.5363479152083084,6,325,161
192,40.85888630318133,-73.90891476991186,Private room,9,281,7.174649906119122,5,189,124
193,40.86016722286533,-74.02705847152353,Private room,11,174,4.754757152327337,6,174,103
194,40.75324058290931,-73.88954224111626,Entire home/apt,10,161,8.49098019958676,7,289,173
195,40.63561191641948,-74.17712898309375,Entire home/apt,3,139,3.8339714105825893,7,356,158
196,40.63968382984506,-73.76423159692382,Entire home/apt,8,131,1.6827858850771282,9,144,175
197,40.7903822715481,-73.7132555154113,Entire home/apt,12,86,8.364421924698696,8,231,146
198,40.85884410398103,-73.71556107235716,Private room,1,175,5.489096316400717,6,359,108
199,40.85483456970604,-73.82517408412853,Entire home/apt,11,182,1.8919579239035489,6,203,135
200,40.81195021834305,-74.13495687993469,Entire home/apt,9,128,7.203839985864457,5,212,155
201,40.75681265846171,-73.82086840203549,Shared room,9,245,5.111136384895005,1,39,105
202,40.53365598599802,-74.18770654177061,Entire home/apt,10,88,6.043129822403198,9,274,138
203,40.564651485637846,-74.1889382242355,Entire home/apt,2,65,4.608983382065819,9,322,150
204,40.85942167541083,-74.03819489042523,Entire home/apt,4,157,8.287089838180064,9,81,117
205,40.74257162386383,-73.95567840479767,Private room,13,148,8.295627156830498,8,180,77
206,40.503678820646655,-73.8147962910961,Private room,8,115,7.093888218243862,3,319,79
207,40.54058861714641,-73.85835231169675,Entire home/apt,7,213,1.0540137739646227,1,82,173
208,40.765400707643224,-73.97704864681162,Private room,1,293,8.388538619040688,8,302,125
209,40.50202463353849,-74.06318666685917,Entire home/apt,5,252,6.710129805329098,7,261,174
210,40.564323220567,-73.70143774992114,Private room,7,142,6.970241660042995,5,271,96
211,40.719493515746635,-73.98690934888202,Private room,4,249,3.629828404038716,7,199,107
212,40.77675807907708,-73.97430648783516,Private room,1,24,8.792795561570067,4,239,106
213,40.76078450380104,-74.11818808940417,Entire home/apt,9,276,7.2537160023485745,9,179,181
214,40.58970772378422,-73.80259522562504,Shared room,14,69,1.1259046652919447,2,170,50
215,40.78487168853901,-73.85315888710926,Private room,5,112,4.077780344061627,9,294,127
216,40.59489963499872,-74.08961519360562,Entire home/apt,11,111,8.863803619601416,9,176,200
217,40.63015987926371,-74.15880947719208,Private room,2,90,0.47196701697378995,5,236,74
218,40.79859656204721,-73.85975034896265,Entire home/apt,8,17,9.614166196420495,1,137,162
219,40.759853159618885,-73.87274439285943,Private room,11,148,6.791625683195628,7,326,166
220,40.83968936419767,-74.0633702365009,Entire home/apt,13,226,6.313759776433766,4,310,178
221,40.763045156920136,-73.7245682188748,Private room,2,213,2.7055925648799137,9,128,113
222,40.727323441334185,-74.12447105410955,Entire home/apt,3,150,2.4879178873917707,6,48,183
223,40.53746990713124,-73.9838325994787,Entire home/apt,14,191,9.420582194885954,3,163,178
224,40.647086321223775,-73.72819203991621,Entire home/apt,10,39,2.982724542341227,6,276,168
225,40.60608094707269,-73.99013634153694,Entire home/apt,1,241,7.755052967189994,6,292,149
226,40.597595857351635,-73.88073702616796,Entire home/apt,11,137,3.9312179820707915,5,115,163
227,40.889204221900975,-74.00120280101861,Entire home/apt,2,179,1.3925407078470398,2,23,142
228,40.65723908986671,-74.06289239882567,Entire home/apt,14,199,0.1071529769535895,2,310,165
229,40.85681862207085,-73.7080111760201,Entire home/apt,7,202,5.442573370152508,7,24,172
230,40.752455450398905,-73.99533299684248,Entire home/apt,10,60,9.757788185489327,2,126,162
231,40.81792452141666,-73.75295039816044,Private room,2,191,3.6913619380920446,6,233,75
232,40.701054837242076,-74.08502269705446,Entire home/apt,6,4,3.571923339930448,5,208,140
233,40.73076155385054,-74.09344764798746,Private room,3,236,3.4409161784944207,4,92,132
234,40.697007077527545,-74.18443295855775,Private room,4,180,5.205438373048584,7,93,94
235,40.57809719511922,-73.87416658731206,Private room,11,36,4.406648834242936,8,326,55
236,40.7889808461046,-74.01573682813812,Entire home/apt,13,55,8.799146267270144,4,224,160
237,40.61230894497634,-73.76782087508019,Private room,8,236,5.0552079172349025,1,279,101
238,40.50972638657258,-73.96339504665423,Entire home/apt,14,196,5.077578381885688,1,10,185
239,40.75818891836287,-73.71590328604265,Entire home/apt,3,72,1.383715947205566,1,328,142
240,40.570844271762816,-74.10723724214844,Entire home/apt,10,58,9.82739540910386,1,11,215
241,40.87618343374116,-73.7656884160222,Private room,6,239,2.499728908688297,5,34,102
242,40.88157143080103,-73.81170157360413,Entire home/apt,1,1,0.7336406745960267,4,227,206
243,40.86594575608818,-73.81453907767798,Entire home/apt,7,187,6.631462489752088,9,219,160
244,40.64806348010218,-73.77760838594156,Shared room,8,29,5.953663701568726,3,140,56
245,40.50618264661155,-73.81948800452851,Private room,11,266,4.151456539927457,7,22,125
246,40.87132742503509,-73.88688983918429,Entire home/apt,14,107,4.221922338806781,8,82,148
247,40.67127365932693,-74.13437756115881,Entire home/apt,8,89,7.850639210464312,6,228,143
248,40.88666192761747,-74.18373691025438,Private room,3,204,1.9571264009964906,1,343,122
249,40.8854479908357,-73.73957607609216,Entire home/apt,14,219,8.202533189448896,8,79,143
250,40.841203782186945,-73.89167484273963,Entire home/apt,10,93,6.487471138950181,3,352,166
251,40.617779556827834,-73.80173135451192,Entire home/apt,1,102,4.189697737795244,8,289,116
252,40.65403909144077,-73.95923882424373,Private room,9,222,4.580286165838686,4,330,117
253,40.84045466860674,-74.1413459055188,Private room,13,185,2.566472071860958,8,158,125
254,40.62676880206251,-74.13740710389872,Private room,6,183,7.521143326969748,1,127,82
255,40.56779709867444,-73.85721735638552,Private room,11,161,5.128747423052678,3,189,119
256,40.722720504983336,-73.98484705255026,Entire home/apt,9,246,3.2085454274984357,6,30,195
257,40.87446190966431,-74.09973763664983,Entire home/apt,7,30,5.960501157609502,9,358,184
258,40.77841191866999,-73.95420272662929,Entire home/apt,1,51,9.95734452051323,2,14,157
259,40.72802446803575,-74.16789553146243,Entire home/apt,12,75,4.352622796565538,1,312,213
260,40.53887059750831,-73.90901429904281,Entire home/apt,12,277,9.206914007786196,3,74,129
261,40.74600289067967,-74.06550329778246,Private room,1,39,3.450168399245661,4,33,107
262,40.8960215400417,-73.80122044968141,Private room,6,100,0.5473270692498589,5,358,66
263,40.55603360609461,-74.04481902053821,Private room,5,110,2.042421063684289,3,195,138
264,40.707331860945494,-73.9723899254591,Entire home/apt,9,248,4.1869514332768425,2,330,169
265,40.85094922877118,-74.19418973004595,Private room,2,190,2.19634928594569,2,28,125
266,40.79630744710168,-74.16377655610272,Private room,8,181,0.002270382182555375,7,193,116
267,40.77880629639811,-74.00375322179666,Entire home/apt,11,208,9.150015377475272,9,15,190
268,40.78099363359484,-73.96003058264144,Private room,5,21,8.43879411230929,2,76,80
269,40.6437964604879,-73.89998972594034,Entire home/apt,2,165,7.422922314869471,7,292,141
270,40.617436737705795,-74.05416871064536,Entire home/apt,13,98,1.6781459564602863,7,80,163
271,40.82374446219141,-73.85250905693673,Entire home/apt,10,207,1.2036357620998606,7,123,178
272,40.82404535787167,-73.7699388014054,Entire home/apt,11,7,0.6760474947238315,3,18,184
273,40.84682892743204,-73.81007450555333,Entire home/apt,11,189,7.240291887729212,7,101,207
274,40.86529622102259,-74.18019058732582,Private room,12,174,9.288079606878853,1,76,63
275,40.70453695954438,-73.95974652637109,Shared room,6,272,4.30535820913037,1,228,75
276,40.70060651787488,-74.14753491079091,Private room,10,16,1.1914067199604816,5,296,115
277,40.81931807158671,-74.07897749206874,Private room,8,89,5.1239282073210655,2,202,96
278,40.7599855723111,-73.70666870336643,Entire home/apt,4,140,3.4883190745863013,9,60,117
279,40.78078675090308,-74.12875222854925,Private room,2,144,3.748249243499977,7,25,98
280,40.81831706777444,-73.95055592327432,Entire home/apt,12,165,6.213306241557072,4,70,173
281,40.85600213672703,-73.89092213284094,Entire home/apt,11,77,7.187181132622023,4,102,163
282,40.63519806274061,-73.84876751472795,Entire home/apt,5,261,1.1060359887316085,2,325,189
283,40.650233181055974,-73.92017565825654,Entire home/apt,12,162,0.35590230806476386,5,362,150
284,40.537592775936346,-74.19511457629041,Entire home/apt,2,13,9.943303026857148,4,156,156
285,40.731312056398465,-74.03676934587801,Entire home/apt,2,238,2.3272834891555183,1,362,154
286,40.514376909518695,-73.94114417830765,Entire home/apt,6,71,0.5383052490845908,8,358,162
287,40.68623920725298,-74.15606675042758,Shared room,11,142,1.8987532909591998,3,193,65
288,40.71705785388303,-74.02468653439541,Entire home/apt,10,282,0.3895784634846422,6,274,161
289,40.61461650085131,-74.18339844560433,Entire home/apt,9,268,3.9181089461717167,4,323,207
290,40.73633330422761,-74.1607107514225,Entire home/apt,13,240,8.024017844513242,9,185,139
291,40.51220009997562,-74.00153836189921,Private room,4,244,3.412444497577206,7,325,111
292,40.514939275499685,-74.13364212297847,Entire home/apt,6,162,4.441834068783665,9,112,149
293,40.82904022426386,-73.91622957586922,Entire home/apt,7,59,6.7558677356743875,3,312,192
294,40.6440762565645,-73.85526751543136,Entire home/apt,13,5,5.088940700698802,1,164,162
295,40.550824205060756,-73.79970665044546,Entire home/apt,11,196,8.614456860213242,5,60,156
296,40.708897304021924,-74.0999248778776,Entire home/apt,6,57,8.660356750457565,3,91,150
297,40.80799742123944,-74.11625870887046,Entire home/apt,8,216,0.09910695491153643,6,285,208
298,40.58632841099874,-74.1477160798328,Entire home/apt,4,25,7.7804630648319915,8,152,133
299,40.7491561903276,-73.88178487522818,Entire home/apt,12,4,4.607336002416739,4,224,115
300,40.53413898599751,-73.84676213675655,Entire home/apt,1,19,9.888405413036631,5,126,157
301,40.52067268846744,-74.18420692758718,Private room,7,197,4.832320758754351,5,192,115
302,40.71254185262726,-73.73189387687816,Entire home/apt,3,58,9.868959453882976,4,114,169
303,40.71625404864404,-74.17401435817426,Entire home/apt,14,241,7.545693612057366,4,261,187
304,40.754971960599285,-73.92935183234947,Entire home/apt,6,145,2.4860488461330634,4,17,219
305,40.790436533489064,-73.84546974027454,Private room,2,272,5.3839497928695765,4,9,102
306,40.89034083178501,-73.76451543812696,Entire home/apt,9,248,9.921356394785828,4,91,150
307,40.706520139320475,-73.84295653393379,Entire home/apt,1,13,8.575306077519237,5,138,164
308,40.629182589176494,-73.7991359584651,Private room,6,12,0.973668937912211,2,332,69
309,40.81807447790748,-74.0302749037286,Entire home/apt,6,43,7.063719968099961,2,356,125
310,40.60833290050483,-73.79258744312675,Entire home/apt,5,18,3.4557958587081306,9,339,189
311,40.67558856828225,-74.15994257680767,Entire home/apt,13,62,0.06982261880348117,2,51,123
312,40.531382552536904,-73.75259167196974,Private room,5,238,4.034809690269996,6,194,106
313,40.510140297366185,-73.92620381192313,Entire home/apt,1,99,2.347544217249713,2,205,158
314,40.88505936587117,-73.79135111501876,Private room,10,162,8.188692705204716,5,286,132
315,40.83439204820488,-73.97384085774085,Shared room,12,121,3.373306088457655,4,92,24
316,40.77838968243748,-73.87821115240175,Entire home/apt,5,43,8.275236939538171,7,308,162
317,40.66358117776571,-73.93679866953195,Entire home/apt,2,144,0.005979388347953085,7,144,146
318,40.56931772802834,-73.83420523912234,Entire home/apt,7,49,3.0781915002611915,6,85,167
319,40.56257481706844,-74.15918500898471,Entire home/apt,3,64,2.411652143077619,5,152,138
320,40.600097159265836,-74.16982395800473,Entire home/apt,13,287,2.3356736106861096,1,1,230
321,40.719690665882446,-74.07644838299493,Private room,4,163,0.681866197654627,3,341,88
322,40.785838369080025,-74.12022765994341,Private room,3,140,1.8712427041050173,9,259,54
323,40.76407895068709,-73.7641082167039,Private room,3,127,5.555495698856198,1,163,86
324,40.611973558778374,-74.09039300632098,Entire home/apt,4,238,2.913610728377445,5,5,188
325,40.881946112265275,-73.71206737209043,Private room,5,295,4.1739478232914795,2,148,141
326,40.795158766678306,-74.03155210411445,Shared room,1,186,3.7686688034718854,4,204,43
327,40.72174162100456,-74.10894104215565,Private room,4,207,8.759049249998945,1,117,85
328,40.74468829849374,-73.80515074642877,Entire home/apt,12,219,9.052989990105155,3,88,191
329,40.66784002497111,-73.87064611224956,Private room,12,189,4.929569716558601,7,153,81
330,40.59909239580046,-73.95090214177344,Entire home/apt,11,283,3.301559503156044,3,166,174
331,40.64238907146051,-73.92231822453118,Entire home/apt,8,236,1.0680070400236363,4,160,170
332,40.80313844418575,-73.84039911086387,Entire home/apt,10,193,9.53402879382095,2,269,173
333,40.5057573954519,-74.08577262933436,Private room,7,286,0.6022694490029745,3,55,103
334,40.54642905620277,-73.70183304197162,Private room,9,258,2.976502775682804,9,227,97
335,40.5184010568087,-73.7126034189266,Entire home/apt,5,245,2.9806620117000415,3,336,181
336,40.51629152092759,-73.87483715682653,Entire home/apt,13,135,3.2040128614021492,5,148,145
337,40.8421842336044,-74.10022877453542,Entire home/apt,10,279,1.6428684327240928,2,45,170
338,40.781463143752006,-73.85988587878435,Entire home/apt,4,270,7.831614309236972,4,143,201
339,40.68966953163493,-74.16390079551041,Entire home/apt,8,170,1.2249786196598922,7,237,176
340,40.5391336642604,-74.1846737488971,Entire home/apt,9,158,6.349066591531628,7,271,201
341,40.696646350046734,-74.07115855574439,Private room,13,200,1.2384602670581746,3,119,125
342,40.68938870831222,-73.96868852163034,Entire home/apt,7,44,0.7053563759295656,5,339,129
343,40.56928074796401,-73.76586374729581,Entire home/apt,14,263,9.094295036858766,1,219,178
344,40.67354065969519,-73.83641546511684,Entire home/apt,7,70,1.9012876631870568,1,7,156
345,40.65940189375895,-73.82864673940001,Private room,5,102,8.212501545597043,5,343,67
346,40.74634003922088,-73.98725333277596,Private room,4,124,5.446308711071358,9,274,93
347,40.75403746034706,-74.02703250372652,Private room,14,285,0.778565196087696,1,352,138
348,40.51812160390882,-74.0144806185077,Entire home/apt,10,229,9.554481914380675,1,65,178
349,40.64984504585059,-73.70617521813197,Entire home/apt,1,145,2.4696116699189252,4,78,136
350,40.75034396628569,-74.17994540429376,Entire home/apt,10,196,8.596453453526065,4,85,159
351,40.70125450343203,-73.76648425193878,Private room,10,220,1.6881000578456418,2,123,109
352,40.84259593647533,-73.9106622957138,Private room,7,59,8.539428821418529,9,201,62
353,40.76347745264758,-73.9806922904052,Private room,1,97,0.13228812905293985,9,149,113
354,40.56517377083257,-73.83737116979243,Private room,1,170,5.117804565694807,2,45,122
355,40.52822749896017,-73.95666552928765,Private room,5,172,7.694425794215568,9,112,79
356,40.75696771128253,-73.76328838095917,Entire home/apt,13,150,9.347955174927833,6,90,136
357,40.510604524216646,-73.74964906799437,Private room,9,121,9.09202136206487,8,140,124
358,40.73431023250939,-73.98913953656327,Entire home/apt,6,107,8.196248695476449,4,288,153
359,40.876092096569984,-74.06158610138247,Entire home/apt,3,3,8.881913496613041,2,217,174
360,40.73018967115035,-73.90382483570332,Entire home/apt,13,92,1.992196858370765,2,76,190
361,40.655267970482605,-73.74381832719166,Entire home/apt,3,5,2.8418429571172874,9,333,170
362,40.75731528737694,-74.09466890549717,Entire home/apt,7,287,2.889685249210585,1,151,168
363,40.683301156196606,-73.88851670821826,Entire home/apt,6,105,3.7705393100169884,7,322,110
364,40.71824671572637,-73.88421988995374,Entire home/apt,9,145,3.933206703851887,3,238,170
365,40.87658592351061,-73.83344348879237,Entire home/apt,6,270,5.445553246546755,3,114,218
366,40.65444105512031,-74.13421615743637,Entire home/apt,5,95,1.5987976336644139,2,318,158
367,40.88447622552957,-73.84208751765895,Entire home/apt,10,228,6.912466637859893,6,93,133
368,40.862140256782425,-73.74548373966718,Entire home/apt,7,201,1.675665393045065,2,47,176
369,40.57831645391572,-74.11015844556488,Entire home/apt,1,211,3.103084821045475,4,190,167
370,40.52774452035007,-74.08122833753806,Private room,12,5,5.03345130606154,9,11,88
371,40.540311200550974,-73.71430245297918,Private room,7,111,7.964405615234773,9,155,49
372,40.50728873026062,-74.10951152364525,Private room,3,105,7.394692332387272,6,171,98
373,40.53777718430237,-73.77280745331521,Private room,14,138,6.455343564105222,4,295,88
374,40.773202709366544,-73.95386107177599,Entire home/apt,9,298,1.5577326058017016,7,176,215
375,40.52847545938409,-74.07638446279842,Private room,6,95,5.470453456155777,1,340,101
376,40.62759025211751,-73.76462504936374,Entire home/apt,9,296,0.8744650179988545,4,56,188
377,40.83795012438778,-73.97734737249867,Entire home/apt,13,213,3.7736317679665077,5,342,168
378,40.50930877429433,-73.94259132303516,Private room,5,290,4.135165302899591,8,339,120
379,40.825787393035576,-74.02038331530012,Entire home/apt,7,21,0.39811439445753827,2,202,119
380,40.61274190990936,-73.90352457428254,Private room,13,192,2.7398809946997185,5,184,88
381,40.54726593104866,-74.1182380637075,Private room,14,149,9.556494672664893,6,120,126
382,40.778694866145656,-74.00445923167412,Private room,4,246,9.536326078296895,5,225,118
383,40.75157713871195,-73.71529383883237,Private room,7,266,3.5232705425253927,9,201,108
384,40.85098880541082,-74.07093328364944,Entire home/apt,13,250,0.43100108948324056,1,329,184
385,40.79402841752155,-73.87163166772936,Entire home/apt,1,2,1.7909493932818155,3,362,160
386,40.82139237215394,-74.03740496788765,Entire home/apt,7,75,3.9221779343354015,2,355,197
387,40.612813829028525,-73.8132634371567,Entire home/apt,8,86,9.477796979692299,3,215,161
388,40.570975817511886,-74.13456316964083,Private room,5,269,1.4119906353718492,9,42,115
389,40.80024590065634,-73.71508947746074,Private room,2,224,7.635158436682122,9,22,130
390,40.822733895706904,-73.97310522930819,Private room,5,17,1.0868253937469208,2,154,103
391,40.89620205680027,-74.08197476832677,Entire home/apt,6,112,9.81257577391277,3,185,181
392,40.66504707076457,-74.163251626335,Entire home/apt,12,250,3.81616499109135,4,248,142
393,40.64880723431711,-74.11512104745623,Entire home/apt,2,232,7.752345388990561,9,236,178
394,40.8105651842968,-73.940113025722,Entire home/apt,14,278,3.425910828111318,3,292,159
395,40.636321416101204,-74.03149841178436,Private room,6,201,6.276688771588087,7,133,98
396,40.872302930241425,-73.7855583170587,Entire home/apt,6,82,1.9201608474003673,3,320,175
397,40.8433651007372,-73.9845562381691,Entire home/apt,1,124,1.4602101929696254,7,21,197
398,40.67159761095001,-74.0756428637062,Entire home/apt,14,174,9.380641395681312,7,360,153
399,40.800348427116596,-73.891427506698,Private room,1,68,9.176472779044335,9,87,93
400,40.80181714963387,-73.84661139155727,Private room,14,46,8.874689402128823,2,152,83
401,40.54124954753437,-74.11647904604953,Entire home/apt,11,255,6.254334501665935,6,124,233
402,40.861021162671825,-74.11619039185584,Entire home/apt,10,214,8.082682112162782,9,78,176
403,40.702100948979144,-74.18166428653323,Entire home/apt,3,29,0.6903693691137491,2,345,136
404,40.8305829864431,-73.83179899246718,Entire home/apt,14,280,3.3478904189067915,2,50,204
405,40.62801984041224,-73.8680977361891,Private room,10,236,3.1370312475715623,5,215,140
406,40.85820929139848,-73.96268456212509,Private room,10,247,6.3564532195261325,8,175,150
407,40.65568067149366,-73.7779147755154,Entire home/apt,12,24,3.559577734706405,9,357,194
408,40.50433506059212,-73.79716492352497,Entire home/apt,3,73,1.485067816436808,2,252,171
409,40.862152790567706,-73.90732281780163,Shared room,4,205,5.964670754135437,5,245,63
410,40.53651467071445,-73.76586435974338,Entire home/apt,2,93,8.143839206690815,7,226,155
411,40.62772545503616,-74.09707939498162,Private room,9,126,3.821234944599732,6,105,96
412,40.88002478682032,-74.14404019030114,Entire home/apt,10,24,1.322687150984817,6,192,144
413,40.88024285877502,-74.0651251942415,Entire home/apt,12,115,1.9668819731282305,7,315,186
414,40.729375155249315,-74.17145657195535,Entire home/apt,11,47,2.37483305169384,3,301,154
415,40.75273488486792,-73.93441523599948,Entire home/apt,14,225,2.998975929945362,3,35,211
416,40.67937820879133,-73.73169715385252,Shared room,7,265,6.4279507050630915,9,203,90
417,40.617284308679224,-74.18032822966575,Entire home/apt,7,98,6.00945484537719,8,266,137
418,40.631465818147966,-74.13894504299499,Entire home/apt,6,10,6.960798615670392,5,267,116
419,40.769007382430814,-73.97390048585828,Entire home/apt,3,84,3.6250198453151317,6,169,133
420,40.80094981177507,-73.73306249123605,Entire home/apt,6,213,8.239976518799782,1,38,182
421,40.81663161749034,-74.04192194751163,Entire home/apt,14,172,2.0408766115576027,1,138,169
422,40.815847257117824,-73.9463825956558,Entire home/apt,12,208,4.690407475181539,4,291,157
423,40.536482441219476,-74.1792135704748,Private room,8,63,8.009387215414304,2,51,110
424,40.69776812188103,-74.12582839951895,Entire home/apt,8,257,1.8015864773261925,7,286,165
425,40.52302350400666,-73.70668493852058,Entire home/apt,11,120,1.0986311374078295,2,288,167
426,40.71981155292949,-73.71744065178198,Private room,13,297,8.836839676879897,2,140,122
427,40.67661220054935,-74.1975300095328,Entire home/apt,9,53,3.4292966275919587,5,145,189
428,40.85508167310332,-73.72409410728838,Shared room,1,271,6.83870124909032,4,313,57
429,40.64036600502083,-73.88044003109225,Entire home/apt,14,240,0.2534860426393848,8,183,218
430,40.54682680657104,-73.76604085273999,Private room,1,242,6.900468884094496,4,151,102
431,40.557196672821135,-73.97263007218308,Private room,3,17,3.1610131154697054,6,200,64
432,40.804604252686985,-73.94220198571038,Private room,3,186,0.5574085358744174,5,127,104
433,40.7472872253265,-73.95557670987154,Shared room,10,143,6.09812761548117,2,286,129
434,40.540449070449114,-73.86656787122695,Entire home/apt,8,261,2.4080381607317323,8,310,194
435,40.533642722446,-74.13017437262185,Shared room,10,238,3.8680724205188,2,252,85
436,40.78038765258365,-74.18501320506367,Entire home/apt,1,297,0.8058081228651359,9,265,195
437,40.52910520254568,-74.0460350292044,Entire home/apt,13,75,1.4716325109494532,9,187,142
438,40.82874402371614,-73.84765961863168,Entire home/apt,2,187,2.9797723549584374,3,229,175
439,40.782496890862596,-74.09907327393853,Entire home/apt,2,245,0.8975950056015713,4,270,174
440,40.53253951225676,-73.86328378333755,Entire home/apt,3,129,9.108262646863153,8,258,199
441,40.53393508563408,-73.71504397694636,Entire home/apt,13,282,0.06047043183978418,9,298,176
442,40.89465583140047,-74.15304964210529,Entire home/apt,6,78,4.838602188643114,3,197,150
443,40.649708318302444,-73.86369894088745,Private room,1,71,1.2324745813255145,5,322,73
444,40.648256858826755,-73.97812489034771,Private room,2,262,3.076790894779485,8,55,119
445,40.825119826903,-73.76592887281124,Entire home/apt,13,190,9.260595598182654,3,318,174
446,40.878899430953545,-74.11142510527631,Entire home/apt,13,62,1.6169455327398685,7,202,132
447,40.89440042552915,-73.85368702388692,Entire home/apt,1,11,9.658323197183327,8,270,160
448,40.801351274103574,-73.78094235517595,Entire home/apt,5,140,2.057943769894217,3,108,168
449,40.650503834212365,-73.72769289026299,Entire home/apt,13,253,7.4156610846682955,2,115,195
450,40.533400286679466,-73.85837598585518,Entire home/apt,13,42,5.466772648973118,7,91,178
451,40.81085876637098,-73.95141261799579,Entire home/apt,7,16,8.844787275967592,9,137,153
452,40.72336169989432,-73.8910763798994,Shared room,8,62,5.539932555031309,1,302,35
453,40.66968880369879,-73.76554750776064,Entire home/apt,10,252,5.345592191563087,3,56,158
454,40.86254175403789,-73.91469512668058,Entire home/apt,1,291,1.9545800036839989,5,49,234
455,40.54447899292246,-74.18480647015159,Entire home/apt,7,7,1.6622936205165872,3,70,154
456,40.697050041716345,-73.73452565224652,Entire home/apt,13,89,9.164891511155142,1,81,193
457,40.50454145790697,-73.85523662448422,Entire home/apt,5,207,3.2783819885003407,7,104,180
458,40.68746425679765,-73.86174330711138,Private room,10,291,3.7208225496289593,7,87,134
459,40.52252131027274,-74.09216242380114,Entire home/apt,1,283,7.5982365842838835,8,1,217
460,40.54752716650723,-73.87055726488367,Entire home/apt,3,117,3.3882348242280735,5,359,137
461,40.54701049871084,-74.00306779717292,Shared room,7,174,9.520624466390027,5,83,73
462,40.75968412084642,-73.87438351147925,Private room,10,75,7.379277689988003,5,42,92
463,40.79841795170617,-74.14670348484601,Private room,1,100,5.9742924257342,1,153,94
464,40.73334750603886,-73.87107734769849,Entire home/apt,7,150,8.808951605447525,5,326,177
465,40.88486901938982,-73.70029313711467,Private room,5,269,0.4960590834948275,6,93,96
466,40.64994823180948,-74.17589398056973,Entire home/apt,1,70,2.5706269218920874,1,297,168
467,40.614284834512745,-73.71141290788934,Entire home/apt,1,179,4.6503633422091,7,132,137
468,40.847439651275785,-73.99654601963857,Entire home/apt,14,123,2.2697853947152105,1,64,185
469,40.58943833540778,-73.76462327483138,Entire home/apt,1,292,7.439051873021519,2,289,165
470,40.885289015776245,-73.80880725797087,Entire home/apt,11,284,9.192080310537252,2,256,157
471,40.504861789875925,-73.91649186950667,Entire home/apt,9,194,4.2377011993092335,5,212,140
472,40.887951530683054,-73.83077539537435,Shared room,11,227,3.4213260011189495,7,147,61
473,40.51726396478023,-73.76074221934932,Private room,13,274,9.615507321375663,1,60,79
474,40.85645724547923,-73.99792983917449,Private room,3,105,4.448524328275409,1,148,89
475,40.71108044363452,-74.03648341921838,Entire home/apt,13,20,4.890484004492832,1,87,173
476,40.89718591844772,-73.86620330721821,Private room,5,63,3.516498723419054,6,323,92
477,40.52951862589416,-73.79607702902938,Entire home/apt,11,164,9.095484730121385,2,277,142
478,40.72154171376053,-73.8188574326117,Private room,10,26,5.689554832818508,1,81,97
479,40.88772101424764,-73.80109317557068,Entire home/apt,12,284,7.621745871816446,6,128,181
480,40.70923913766806,-73.98220834259354,Private room,9,147,8.118067183508863,2,285,143
481,40.7517594552541,-73.7910828919125,Entire home/apt,6,280,3.418490419172582,6,352,193
482,40.77829947559385,-74.1398954723147,Private room,12,163,4.3369433132038,8,279,112
483,40.68181642590711,-73.92775545101958,Private room,9,223,8.484717744062646,2,269,130
484,40.751023232033624,-74.19712066975094,Entire home/apt,8,271,3.6325535167581027,9,291,174
485,40.733725724769236,-74.03770708504987,Entire home/apt,8,145,7.939351334518513,8,202,162
486,40.86046320419639,-74.0167692325643,Shared room,1,29,9.409923225744372,1,23,106
487,40.51817855213658,-74.00191365419538,Entire home/apt,13,44,6.23210373068007,7,350,121
488,40.61238527583689,-73.85226639665507,Private room,9,274,7.416272874518889,6,310,136
489,40.880164593630624,-74.00572094936483,Entire home/apt,6,33,8.05097312041135,6,207,151
490,40.856105513556365,-73.97565318868874,Entire home/apt,9,140,8.450396488966426,6,279,158
491,40.68226270111428,-74.08122793456283,Entire home/apt,3,220,3.9505333785679597,6,204,160
492,40.74805303912061,-74.01337410418533,Entire home/apt,12,21,0.5126345917599817,7,151,155
493,40.610952473192455,-74.08636518636843,Private room,3,179,4.018762712367395,3,25,127
494,40.5752484638895,-74.16340203811578,Entire home/apt,6,230,6.737562297840897,6,193,164
495,40.68547936197599,-73.89827570330931,Entire home/apt,9,37,4.503503857807928,3,335,139
496,40.64134089121042,-73.8658936007225,Entire home/apt,7,69,7.489631508603986,7,237,118
497,40.73346244474035,-73.89025482699519,Entire home/apt,14,115,3.5698242946866388,7,320,147
498,40.53109385478599,-73.96825297809971,Private room,13,238,6.347441411040295,8,74,103
499,40.88975792306646,-74.0101071099104,Shared room,3,147,1.8641980485397458,2,162,67
500,40.89448429779184,-73.7683331752141,Entire home/apt,3,8,7.493694366449569,9,298,190
501,40.7792646856079,-73.94045910743189,Private room,2,287,5.456959688130258,5,28,126
502,40.71443854653765,-73.96040906118513,Private room,9,49,2.0406438854660056,9,164,74
503,40.62381104651453,-74.18717896709678,Entire home/apt,13,4,2.9191117349780726,5,336,136
504,40.82551800788278,-74.02937608618693,Shared room,3,125,7.4860870858183235,7,185,65
505,40.773892469021554,-74.00990219060708,Entire home/apt,11,74,4.826012356615207,9,53,169
506,40.565046775737954,-74.00058860955156,Entire home/apt,5,164,2.1603144039307223,4,294,180
507,40.86437087379753,-73.90991381538633,Private room,14,277,9.672711903702977,2,41,154
508,40.829014897169266,-73.93319872663656,Entire home/apt,14,299,7.15125019816888,9,284,199
509,40.879919965316766,-73.89604745360327,Private room,9,289,9.571348325397961,2,137,113
510,40.79028780335534,-73.81755836922893,Private room,8,76,4.271050453603432,3,186,138
511,40.74536607837432,-73.79350713064196,Entire home/apt,2,297,4.751003406917205,2,203,172
512,40.667297214516246,-73.84093846188675,Private room,3,136,8.979552161850192,3,41,125
513,40.8730913933416,-73.72223815202254,Entire home/apt,2,105,5.250493402453847,6,349,186
514,40.84642555580016,-74.19088370866183,Entire home/apt,8,94,7.072789119056671,3,287,170
515,40.518087468042474,-74.10211100715823,Private room,6,134,2.5217287749552995,8,25,78
516,40.5105467897989,-74.19621856251094,Private room,6,67,4.467264687026406,6,55,96
517,40.65058534675122,-73.8762626429227,Entire home/apt,12,146,1.234498658103551,7,252,181
518,40.82422133231273,-73.75098472552502,Entire home/apt,9,158,2.0598003587696168,1,121,138
519,40.89491045172598,-74.07825885171185,Private room,8,162,0.00943415267631087,3,105,121
520,40.56016675644141,-73.73648272760185,Private room,4,188,0.3926505164866023,3,129,116
521,40.73765228614085,-74.16986630485522,Private room,12,94,9.772838231769294,2,336,123
522,40.65235634265241,-73.73278198659725,Entire home/apt,4,180,2.4235369513676233,7,157,154
523,40.88796575912584,-74.02418865638019,Entire home/apt,9,287,6.633107095040019,9,230,198
524,40.83684756925428,-74.14928958577539,Entire home/apt,1,186,8.390996987996115,4,307,171
525,40.83533148188445,-73.95706412040684,Private room,13,137,5.506604592365642,5,90,139
526,40.68747726391799,-74.07161171613974,Entire home/apt,2,129,1.531445000839562,3,21,238
527,40.665927800935066,-74.05756354901904,Entire home/apt,2,193,7.281164373361664,9,289,200
528,40.609362828772284,-74.04635501753685,Shared room,13,272,6.00251410099583,4,109,86
529,40.52255019866037,-73.79848705108367,Entire home/apt,13,143,7.312505893473751,5,48,230
530,40.84588895050202,-73.93041936166237,Shared room,6,15,7.697466228570872,1,128,63
531,40.82516040365203,-74.044346150422,Private room,4,244,9.754103676847452,2,72,96
532,40.89988706931445,-73.89483310834454,Private room,13,106,5.7356328002670995,9,339,99
533,40.89865473482956,-73.8419246628884,Entire home/apt,11,87,3.4164111269060182,2,52,173
534,40.72217268224105,-74.06368799963323,Entire home/apt,10,128,6.484645569002371,5,355,179
535,40.8075949660722,-73.99322544923733,Private room,13,3,0.6844070924262613,8,167,67
536,40.87790629195297,-74.13905695333153,Private room,3,94,8.973973183215863,3,44,97
537,40.839858956270966,-74.10942532523266,Private room,3,208,1.1938101133819679,6,104,103
538,40.59893924069728,-73.8594410730175,Entire home/apt,3,224,3.2784283788581825,4,149,183
539,40.680217654124036,-74.10928082615219,Private room,6,46,8.15745380626121,7,145,107
540,40.5516637660606,-73.93741830816647,Private room,14,180,5.973123783307118,3,203,110
541,40.88162041090349,-73.84547686913879,Private room,8,105,3.936355202774421,6,361,83
542,40.74246985378035,-74.14656153845263,Private room,11,198,4.734356593750214,9,298,144
543,40.59145712220138,-73.91634389018554,Private room,7,105,8.545473932021803,1,166,79
544,40.76868027376234,-74.07171860814933,Private room,14,279,3.400043860598921,3,200,143
545,40.74725129618316,-73.71853656238122,Entire home/apt,4,259,8.696496848121713,2,133,190
546,40.64326508721314,-73.95822717664004,Entire home/apt,11,107,0.8813443097669149,8,210,186
547,40.54542303687985,-73.79700372511242,Entire home/apt,12,18,7.767984372086307,7,47,162
548,40.76862927823712,-73.92488672892188,Entire home/apt,4,295,8.475476330547364,2,125,176
549,40.70812308036152,-74.17829373357259,Entire home/apt,11,170,1.8181765283733875,6,238,168
550,40.808927356694255,-73.88342431220299,Entire home/apt,10,194,4.303465323722005,3,6,179
551,40.708065400444795,-73.72429832889668,Entire home/apt,11,11,1.6549977466365562,8,271,155
552,40.84087260012741,-73.89919408992684,Entire home/apt,11,194,7.066041289942177,3,36,220
553,40.720762735509794,-73.79040557028661,Private room,14,282,5.353477680616567,9,210,92
554,40.724375188614154,-73.75789676832579,Private room,11,181,6.353233467083211,1,164,94
555,40.85066144106334,-74.08596011402554,Entire home/apt,2,143,1.9648696695621115,5,124,148
556,40.66139314648496,-74.09397758004589,Shared room,14,181,2.117458620524195,3,336,66
557,40.55360609138025,-73.8945095055745,Entire home/apt,1,29,0.4149732550990637,6,191,150
558,40.51151307052533,-73.99448576509666,Entire home/apt,9,83,3.220675351957297,2,217,173
559,40.80205490226945,-73.78006934856664,Entire home/apt,12,165,5.59744661333675,9,213,167
560,40.74812382054139,-73.749988438301,Entire home/apt,12,283,8.579349139973289,6,61,184
561,40.781631907239685,-74.02328931034864,Private room,2,280,6.669274474586807,7,327,125
562,40.585185664603564,-74.08156472051276,Private room,13,95,4.353963233997514,5,160,104
563,40.55454859023471,-73.80973724237808,Entire home/apt,8,265,9.531201143941377,9,65,190
564,40.50581786626715,-74.06259698222594,Entire home/apt,9,297,7.192452005758319,1,285,177
565,40.640235023522635,-73.78869284074317,Entire home/apt,4,295,9.301652028625501,5,238,212
566,40.73596707474185,-73.98813087317562,Entire home/apt,8,224,5.2758797327216564,6,19,243
567,40.65689761803989,-73.86622505035427,Entire home/apt,9,41,2.589042747931396,7,187,168
568,40.67498996880949,-74.15223234308267,Entire home/apt,10,245,0.5282668636472199,4,81,179
569,40.8616634777975,-73.88807033766172,Private room,10,207,7.260848514838505,1,362,123
570,40.63930218680932,-73.97411616063138,Private room,5,236,1.2130299800553412,8,201,91
571,40.705595795663925,-73.90669576841226,Entire home/apt,13,21,3.027751282719672,4,131,155
572,40.81346120509646,-74.11599289612757,Private room,14,184,5.324709078838974,3,36,113
573,40.65861711292851,-73.83156312752791,Entire home/apt,7,241,5.644165877797477,7,131,184
574,40.74883468009115,-73.76860146122839,Entire home/apt,10,282,6.005831969871361,2,76,163
575,40.8449454834987,-74.09163009995461,Entire home/apt,4,40,1.6625533034970064,8,88,147
576,40.87980824946305,-74.15214272223992,Private room,1,161,3.7973740482164873,6,252,68
577,40.558829392371614,-74.18818070697684,Shared room,3,159,6.171942271169667,7,343,42
578,40.8706350500646,-73.87901424977836,Private room,5,88,9.698188646337847,5,193,105
579,40.69684651723181,-73.89645298195562,Entire home/apt,3,11,7.276311376996887,9,175,133
580,40.60329775531958,-73.92665129364296,Private room,12,72,9.226037570939578,5,32,138
581,40.683654302495306,-74.08402645194201,Entire home/apt,13,75,7.62212058314177,5,57,138
582,40.89201303011419,-74.00454700204725,Private room,11,200,5.917169688924004,3,200,119
583,40.69704723759715,-73.90276183240691,Entire home/apt,7,9,1.9202336913634455,1,27,155
584,40.631500644115,-73.95161657057042,Entire home/apt,12,225,6.6668565189251305,2,34,200
585,40.75336034172669,-73.70610723989256,Entire home/apt,9,175,6.233795659599071,8,124,136
586,40.59605824751128,-74.13178012372164,Private room,12,275,6.024691704572664,1,320,108
587,40.53034533124347,-73.8524277229762,Entire home/apt,6,38,4.8978586798824075,7,41,156
588,40.55155188876426,-73.99784061594785,Private room,13,59,5.286566039892756,5,84,113
589,40.55121833558311,-73.9859001925372,Entire home/apt,10,65,3.3444252711810405,3,187,165
590,40.56076107740492,-73.84120111717091,Private room,1,123,5.193126926423032,7,110,77
591,40.555530869059766,-73.85378192433782,Private room,7,163,1.9755590567847825,9,270,102
592,40.75634989792128,-73.7043720031489,Private room,3,158,8.051743973603768,2,324,90
593,40.572752033759656,-74.13580285527294,Entire home/apt,5,56,1.857769546987078,8,104,174
594,40.638266913329545,-74.14794517530792,Entire home/apt,10,77,0.8496628988946642,9,319,183
595,40.8587153639624,-73.83783059143563,Entire home/apt,4,193,4.362460263571574,3,40,160
596,40.68958465610515,-73.9108065414968,Private room,10,284,6.583074395060619,2,214,134
597,40.76702309540841,-74.0629196667201,Entire home/apt,5,14,4.377168249335414,7,70,134
598,40.56892794848065,-74.1602903155055,Entire home/apt,5,11,2.767541319513086,5,55,146
599,40.57691560752347,-74.15717087520179,Entire home/apt,6,100,5.581711838904408,5,235,160
600,40.51634744650659,-73.75290456266795,Entire home/apt,14,155,3.4700233541219996,5,280,201
601,40.567574025228865,-74.10406633764063,Private room,10,124,9.32867690126633,4,104,82
602,40.611436135612784,-74.03831421894225,Entire home/apt,12,279,9.22645139603572,5,161,194
603,40.5708041937107,-74.08667179888651,Private room,10,109,5.023718199720955,4,190,77
604,40.535481013502825,-74.02250184708403,Entire home/apt,13,145,3.278839940182585,6,8,159
605,40.54825434844024,-74.16528807862696,Entire home/apt,13,215,7.371324139566391,4,59,172
606,40.68431150721309,-73.94047010454587,Entire home/apt,11,161,0.3671294348306664,2,304,166
607,40.58253348736232,-74.1661937182039,Entire home/apt,6,127,4.747690060436512,9,224,106
608,40.64570794441923,-73.79982174608882,Entire home/apt,8,149,3.363233942703335,2,306,188
609,40.70136690834194,-74.08314395904479,Private room,8,35,9.205358851025547,9,187,50
610,40.77615793145174,-73.92999404269774,Entire home/apt,11,172,0.12003027272682543,6,69,164
611,40.51572485593644,-73.75996045621928,Private room,9,21,5.528148757183491,9,292,118
612,40.81976415956362,-73.8745613154764,Entire home/apt,8,205,7.40663581066626,9,286,214
613,40.75116015579636,-73.93352110672434,Entire home/apt,13,126,4.850179875240412,3,168,155
614,40.53270361277955,-74.03783312344231,Private room,11,216,0.8540303016272166,1,61,82
615,40.84943144964271,-74.0334990434709,Entire home/apt,2,95,9.724613900279023,1,348,185
616,40.86834896021272,-73.86525652240091,Entire home/apt,14,163,5.180104313760979,3,13,203
617,40.52443118394194,-73.70293031938942,Entire home/apt,14,147,6.141862443190114,5,163,154
618,40.61075105925888,-73.86908040507531,Entire home/apt,12,17,2.366097827075073,3,244,139
619,40.82248051191722,-73.921108291315,Private room,10,293,4.834980851068038,9,334,104
620,40.79930387615346,-73.83467474488037,Entire home/apt,12,194,4.291494919583219,9,7,182
621,40.573808407742554,-73.96739719385815,Private room,11,150,0.7489584200198374,3,153,111
622,40.58373972933468,-74.16992882869961,Private room,1,122,1.0616035354746722,3,35,110
623,40.64818884111655,-73.91885159206105,Entire home/apt,10,186,8.374725196187745,5,47,179
624,40.69380919407641,-73.72118735774731,Private room,2,148,2.3981995220659025,2,84,117
625,40.747301908612116,-74.11234852882117,Entire home/apt,2,103,1.9495827149863054,6,27,150
626,40.64756545582791,-73.85499755458967,Shared room,12,242,5.049114512501393,7,195,66
627,40.685013886453255,-74.09953315567047,Entire home/apt,3,230,7.68747131362513,9,207,139
628,40.7989883752535,-73.93208615776346,Private room,10,205,0.6194651857898792,6,203,112
629,40.51467328115624,-74.15166177517665,Entire home/apt,7,197,5.768079196382558,3,306,130
630,40.600974777737605,-73.9748145318709,Entire home/apt,2,86,1.1921044284057336,5,103,176
631,40.78533983435382,-73.82191833555238,Private room,14,141,0.3646105082561846,4,229,77
632,40.85808273507488,-74.02621423788051,Private room,1,198,0.5274395216221739,5,100,74
633,40.704670976846266,-73.8675441377564,Entire home/apt,14,45,8.341641082084413,8,28,167
634,40.712845394106125,-73.80227501960513,Entire home/apt,6,287,1.1797248362806156,8,126,212
635,40.542868804535914,-73.73641109026028,Private room,9,14,0.4515136441229195,6,337,105
636,40.67896494672938,-74.08267895907228,Private room,3,43,4.378998871429123,1,9,75
637,40.71304690658201,-74.00034204209535,Shared room,6,168,8.439934719420247,8,105,39
638,40.59698820145389,-74.12379199333479,Private room,3,43,2.6240837648930193,8,166,86
639,40.607697292379754,-73.70375824892082,Shared room,14,97,4.217126175259164,2,256,104
640,40.65091366524185,-73.73649951603785,Private room,13,260,0.39922532563751223,4,294,97
641,40.50802847911109,-73.93002143485973,Entire home/apt,1,108,4.490785141348759,2,276,142
642,40.62883166623327,-73.77898335281179,Entire home/apt,14,282,5.776130806371337,4,64,208
643,40.584579202798615,-73.93952101136398,Private room,13,103,5.709070537521448,7,270,104
644,40.630998940871166,-73.88820715599863,Private room,12,255,3.324266921743652,9,187,136
645,40.5479048527277,-74.15543778394199,Entire home/apt,5,205,3.155331806631355,8,316,155
646,40.85621091229596,-73.8223647897516,Entire home/apt,10,42,1.0662361893659789,9,137,152
647,40.73743698142162,-74.13614325818239,Shared room,14,244,3.667983206462684,8,342,100
648,40.77164092765779,-73.78696618487373,Entire home/apt,13,286,0.9949466887296465,2,104,175
649,40.815668495442935,-73.8089859561648,Entire home/apt,11,272,7.665959447120516,7,33,219
650,40.69937687957162,-73.84562765112851,Entire home/apt,4,82,9.662742977481859,2,109,165
651,40.53476811523497,-74.18191980973762,Entire home/apt,7,109,9.700744566667069,2,32,160
652,40.71484261672742,-74.04843582202734,Entire home/apt,6,189,8.650710993753938,4,353,168
653,40.73473644720835,-74.06844371504458,Entire home/apt,10,287,6.007921493396191,1,230,198
654,40.79817578967373,-74.01993179626425,Entire home/apt,7,250,7.008656972438799,5,316,188
655,40.67266381849187,-74.15617862661809,Private room,5,211,2.8520580268041407,6,265,110
656,40.551032121118226,-73.73152108848447,Entire home/apt,4,290,6.307704201726207,9,181,141
657,40.61351036231949,-73.92309887964382,Private room,7,132,4.556495494398774,8,339,67
658,40.64523291855945,-74.04723784467099,Private room,7,200,4.8201733977693255,2,64,78
659,40.75836689653264,-74.00150924146286,Entire home/apt,6,284,7.57776560375158,1,332,168
660,40.728311321867565,-73.97639872974759,Private room,8,94,2.8191835559725167,2,0,111
661,40.642438690359135,-73.8997028333197,Entire home/apt,4,277,3.180396116945199,7,132,148
662,40.89460609951719,-73.94216028615175,Private room,10,218,9.246417911286366,4,79,132
663,40.74230992774275,-73.74030401339279,Entire home/apt,5,88,0.5622429485097225,5,270,133
664,40.594890716694394,-73.95151825854708,Private room,4,71,4.856342984133404,7,240,69
665,40.54071298904816,-73.70392099258835,Private room,12,246,9.128008004078618,3,27,136
666,40.56114365567373,-73.77428752112745,Entire home/apt,1,128,6.10363007818157,2,222,182
667,40.5983830913538,-74.09574474282134,Entire home/apt,12,211,5.46407074212132,7,22,232
668,40.56427254930382,-73.73470239267805,Private room,8,95,2.497441792293552,5,108,111
669,40.574626809620526,-74.14181680105726,Private room,1,74,3.4327548906444827,1,106,128
670,40.61403806747754,-73.79127514575441,Entire home/apt,5,53,8.52048415804693,1,144,131
671,40.569349438117904,-74.00968835326171,Private room,6,53,5.592181317684581,9,353,138
672,40.85870616985057,-73.76101283977746,Entire home/apt,6,217,5.147421937567799,5,138,134
673,40.53209349826466,-73.76597165494628,Private room,13,15,0.9957971354002892,1,283,81
674,40.7098045558281,-73.7970372999412,Entire home/apt,5,98,0.16028156455123121,7,297,171
675,40.66415873079586,-73.80498478184647,Private room,3,19,9.636851886870492,9,98,59
676,40.89295144676344,-74.04766043045099,Entire home/apt,5,45,3.7698616728684167,1,316,135
677,40.54481556086722,-74.15954035847437,Entire home/apt,12,192,6.032130620995043,4,122,147
678,40.6591422396183,-73.99850991061743,Entire home/apt,8,57,0.7971507318728499,3,319,149
679,40.88778817331015,-74.11323774250675,Entire home/apt,14,110,6.831142857230466,5,286,189
680,40.84620285035759,-73.85252445554877,Entire home/apt,2,128,9.325667087059609,7,80,163
681,40.82682882837971,-74.02695013673112,Entire home/apt,6,193,5.756652529974197,8,9,180
682,40.60316113081797,-73.71219489957005,Private room,9,7,1.2611532237541057,2,7,53
683,40.56835503495603,-73.87951396132733,Entire home/apt,8,28,5.817215274734767,7,204,162
684,40.76745728796977,-73.78875971818282,Entire home/apt,14,111,7.6634721310465235,1,314,176
685,40.871750395651034,-74.13373766362908,Entire home/apt,11,160,4.064165365740187,7,196,131
686,40.722705157205574,-73.76899275886369,Entire home/apt,8,130,8.798377479414679,8,197,161
687,40.72864507578796,-73.7386214047433,Entire home/apt,8,187,6.486829533573645,2,29,192
688,40.611991637464115,-73.95646904059053,Entire home/apt,13,162,8.992489182892026,9,19,205
689,40.807797173276775,-73.89687353112451,Entire home/apt,7,196,6.235053112473372,1,47,175
690,40.574817499423006,-73.8175950995485,Entire home/apt,8,203,1.3128797200482423,6,129,152
691,40.629471694561694,-74.1125806863698,Entire home/apt,13,211,3.096917111051891,1,292,161
692,40.670174575446566,-73.94871696176828,Entire home/apt,6,108,2.0179494825245694,3,131,186
693,40.70304415147378,-74.00066848611385,Entire home/apt,2,275,9.088264977168624,6,355,198
694,40.59696389296603,-74.12681300391888,Entire home/apt,2,72,7.604000672874827,3,53,156
695,40.545934729895684,-74.01623278885424,Shared room,8,166,6.76398368910006,8,280,86
696,40.744248016976655,-74.16591384530726,Entire home/apt,11,259,3.009663196316217,5,264,128
697,40.6154522212961,-74.18709404652526,Private room,1,242,1.8404477205021352,2,214,130
698,40.73249528856904,-74.13241685542259,Entire home/apt,6,274,7.564510879889118,4,289,155
699,40.56174508610968,-73.71844244420542,Private room,13,101,4.741579458790797,9,42,155
700,40.692456040741924,-73.9252352320525,Private room,6,172,2.257895521506291,4,73,85
701,40.713035773020636,-73.71708891942339,Entire home/apt,11,170,6.166219781652751,8,349,149
702,40.52072941472897,-73.98375106083493,Shared room,4,140,0.40333852138451975,5,277,75
703,40.63464171127757,-74.04409193345737,Entire home/apt,12,187,3.261702541282535,1,325,181
704,40.55376587077559,-73.94692906857988,Entire home/apt,11,85,4.685569945911347,7,241,149
705,40.525349988189106,-73.98024415568355,Private room,13,51,1.4795833410940584,3,129,102
706,40.89598409295598,-74.14716765786913,Private room,11,110,9.846544775908395,8,349,110
707,40.62894153798989,-73.8795868426549,Entire home/apt,13,42,2.0909736458961428,3,193,162
708,40.823949778341856,-74.0919809087452,Entire home/apt,10,210,1.3035313004326554,1,31,182
709,40.6018562619055,-73.89020602255108,Entire home/apt,3,199,2.035348738868964,5,105,180
710,40.77260108888957,-73.87489945380092,Entire home/apt,13,297,7.690611331597243,2,203,207
711,40.80409114395587,-74.12398757343568,Private room,11,239,4.255056592718428,4,0,109
712,40.738255496243134,-74.16932518644467,Entire home/apt,3,114,5.65415939752538,1,244,144
713,40.68863047542006,-73.80961920696578,Entire home/apt,13,25,0.21009156986360744,9,71,153
714,40.664736365658904,-73.97009978811535,Entire home/apt,13,298,0.34431308573314556,6,305,158
715,40.639547306617196,-74.17091810224727,Entire home/apt,1,76,4.458255498270161,8,14,141
716,40.871811657699126,-73.70256684141512,Entire home/apt,3,136,8.166552432016235,4,52,185
717,40.83224776311509,-74.17110971950181,Private room,4,19,8.852388787075652,9,7,67
718,40.8860107642666,-73.85248238557072,Shared room,11,210,0.8670656759564022,2,329,62
719,40.54971888939422,-73.7081605373683,Private room,11,239,5.383631021010228,9,45,149
720,40.792346990081455,-74.08040994789204,Entire home/apt,5,38,9.132296862792705,5,324,159
721,40.87533618272841,-74.1288753156564,Private room,3,267,3.8797275439788637,6,113,108
722,40.572493226466264,-74.13930753028879,Private room,6,206,8.295658314283687,3,146,88
723,40.52659850694671,-74.0483624262162,Private room,11,266,1.336956543994362,4,165,123
724,40.79644825971602,-74.14947709449469,Entire home/apt,14,153,9.353944896677987,6,138,145
725,40.72978924527197,-73.85391932915293,Entire home/apt,12,41,7.514233175313026,7,116,159
726,40.83673151070331,-74.16885410093496,Entire home/apt,5,10,9.413343927869017,1,298,153
727,40.55590895065052,-73.9452889359251,Entire home/apt,3,293,6.766172335525065,7,275,182
728,40.81810692474396,-73.70165157307352,Entire home/apt,6,97,3.6340393199942698,1,276,146
729,40.5806509280191,-73.79301486524699,Entire home/apt,6,274,9.381811725247225,5,337,218
730,40.56546237714628,-73.8923902808845,Entire home/apt,14,229,2.7556677630917847,6,312,180
731,40.5657063191724,-74.0468731896067,Private room,8,219,3.321725220617325,2,177,106
732,40.82582988809255,-73.88805208185418,Entire home/apt,2,64,7.008084180017403,9,329,161
733,40.76607888827848,-73.93647926804418,Entire home/apt,1,231,7.6531629952538625,6,353,157
734,40.709226169907645,-73.98695830805482,Shared room,4,51,9.294034838491537,7,153,47
735,40.6435321936494,-74.1346448116299,Private room,7,262,2.048024090562095,8,200,164
736,40.850880216325244,-73.75669789237978,Private room,11,266,7.979980352192239,1,114,101
737,40.65697804296905,-73.97510767558934,Shared room,10,153,7.385460533969635,8,158,63
738,40.82663977578863,-74.10268874408962,Entire home/apt,3,139,0.6379455625359787,4,41,174
739,40.67565396342809,-74.01612032456136,Shared room,3,50,3.8722314121020696,8,246,34
740,40.65077777176996,-73.99293512373553,Entire home/apt,5,116,2.827654570600986,6,67,170
741,40.685071914267844,-73.78623105221656,Entire home/apt,5,45,3.044904243540304,9,325,155
742,40.62055114966566,-73.8331928097193,Entire home/apt,13,87,9.829468795547008,4,333,176
743,40.7990437520705,-73.81534755317934,Entire home/apt,10,207,6.427774134799279,2,195,186
744,40.70108815603699,-74.19448436778568,Entire home/apt,3,268,7.176761577934996,2,89,194
745,40.59288507805873,-73.99192300091012,Private room,9,88,9.766176373150092,5,110,80
746,40.859829829309824,-73.95932792418235,Private room,4,117,3.7720178245763867,9,358,114
747,40.653556488549285,-74.19040386158848,Entire home/apt,13,53,8.01840168452806,3,144,168
748,40.717421144445595,-74.07009339562748,Entire home/apt,13,115,4.345309633044954,8,274,141
749,40.86258884438582,-73.81985508843894,Private room,3,117,8.695336718149797,4,178,95
750,40.74969519836559,-74.13144514713551,Private room,11,259,1.8065754131130318,6,240,86
751,40.54675921628335,-73.9323449342737,Entire home/apt,2,74,9.476861770642795,6,325,170
752,40.87593284944539,-74.09239906399138,Private room,10,6,2.1877170841087965,3,318,103
753,40.75108322122857,-74.19393961267805,Entire home/apt,13,121,3.2622050698093155,5,330,190
754,40.63396224586283,-74.07939927120023,Entire home/apt,11,10,7.561922341067805,3,152,146
755,40.55570882906535,-73.71206312254498,Private room,9,214,3.9375514156540667,1,103,120
756,40.81761007570812,-73.7992314440585,Entire home/apt,4,278,6.082113767664467,7,74,197
757,40.748029102371405,-73.72021167783949,Entire home/apt,3,27,4.4457350106942854,4,127,137
758,40.71338443679053,-73.95607297803681,Private room,7,234,7.423699370897818,7,198,95
759,40.85755703322038,-74.14513190066126,Private room,8,25,2.2833125236861083,3,153,78
760,40.81543888448981,-73.92602025551315,Entire home/apt,11,53,0.5845798723687701,5,55,148
761,40.560669951893104,-73.97281133272003,Entire home/apt,14,28,2.999293974730662,5,277,135
762,40.62468882711822,-73.7778214586302,Entire home/apt,2,163,4.743086648684303,2,344,152
763,40.59939565592578,-74.15095870960788,Private room,7,269,1.6802005219267857,2,18,154
764,40.797578517029066,-73.95587943148911,Entire home/apt,12,34,3.547972896563887,4,158,151
765,40.51341297389431,-74.124975667653,Entire home/apt,5,285,3.9998301829356855,4,25,204
766,40.727955873948524,-74.03766203655498,Shared room,11,272,0.5739184368827355,4,168,66
767,40.80498347429628,-73.8313214613061,Entire home/apt,5,207,5.833072481842045,6,22,178
768,40.8507062547047,-73.96199093531563,Entire home/apt,3,237,8.843434279712875,2,46,199
769,40.63683269948636,-74.01205585742711,Entire home/apt,5,92,1.5174291295305242,6,12,181
770,40.828502921868804,-74.00276186071498,Private room,12,172,5.978080134015141,7,216,122
771,40.54425269478208,-73.970276615797,Entire home/apt,2,78,6.647392049108463,3,321,183
772,40.83858091669381,-73.80749172808147,Entire home/apt,4,109,4.193346804192883,8,193,147
773,40.55099546493279,-73.75395765552989,Private room,6,216,7.0109758736427,2,143,128
774,40.65891491622415,-73.72233265674804,Entire home/apt,1,105,4.10731543491012,8,72,138
775,40.81891814631182,-73.80654830687236,Entire home/apt,10,46,5.046372879774349,5,155,196
776,40.559966970939506,-74.04229655212599,Entire home/apt,4,180,0.0735304455442698,2,76,152
777,40.59170055809306,-73.85593264695673,Entire home/apt,6,63,6.917201141346888,7,168,170
778,40.78890102735723,-73.98119843797231,Entire home/apt,9,245,6.613426789447244,2,286,152
779,40.788014614618426,-74.07266468897697,Entire home/apt,14,243,0.3840087732634456,6,84,171
780,40.75645905315412,-73.77956421028703,Entire home/apt,11,86,3.6825010739513306,3,181,189
781,40.777579377786836,-74.18078682551884,Entire home/apt,11,216,9.790318407916674,9,314,155
782,40.71708977733904,-73.7491190039323,Private room,13,6,4.207365625686168,3,296,134
783,40.60071962356278,-73.96926126768764,Shared room,2,277,5.019454051318418,3,111,77
784,40.638278397401564,-73.88139926159586,Private room,11,209,9.099301581597185,5,229,130
785,40.57263908672057,-73.87032303889711,Private room,7,168,7.172618758657564,7,95,114
786,40.86338022453345,-73.75244112964674,Entire home/apt,6,137,5.820701311242235,8,167,172
787,40.733356717906446,-73.8816651589164,Shared room,2,229,7.978046813410725,7,155,44
788,40.66034056670546,-73.89303320761998,Entire home/apt,8,160,8.643662664559733,9,104,156
789,40.68480232145765,-74.16667397971966,Shared room,7,0,4.568880717372669,5,192,73
790,40.87891333584472,-73.94079598902741,Shared room,11,235,4.751083649318354,3,329,66
791,40.56134056124643,-74.12491549959148,Private room,5,187,3.860509356518358,6,131,111
792,40.73449193280672,-73.83128311563927,Shared room,12,3,9.667061400184606,5,354,19
793,40.70235547155379,-73.94388903959367,Entire home/apt,5,131,6.971662542903504,4,137,152
794,40.74458169417386,-73.85988611039582,Entire home/apt,7,217,0.8322306620807229,2,330,194
795,40.507244073528334,-74.17916354969881,Entire home/apt,9,259,8.629596233130185,7,269,150
796,40.84884956357766,-74.1576039919771,Entire home/apt,11,0,4.8055994083626805,5,37,184
797,40.87284731299344,-73.84183830596866,Entire home/apt,9,70,0.6875390642248747,4,44,180
798,40.72605327343568,-74.16395783200066,Private room,9,177,5.497172551633111,8,162,102
799,40.77866032955075,-74.16437163611738,Shared room,6,188,4.171642789757021,9,330,63
800,40.86899975247092,-74.19394576238255,Entire home/apt,10,290,8.777494048626249,9,252,169
801,40.78289545372536,-73.72174930085026,Private room,6,7,2.0399460360938737,3,168,82
802,40.5610156171657,-73.8312458202705,Private room,3,252,8.26464609492183,3,284,133
803,40.730515344066724,-74.02337429574897,Private room,1,291,5.576886911854527,5,273,110
804,40.742686018553144,-74.05173220935617,Shared room,7,243,0.5461030321346905,5,19,130
805,40.669652268520956,-74.02514838512708,Entire home/apt,4,122,9.718453013254846,2,238,168
806,40.79457769424989,-73.81267323440942,Shared room,1,298,5.126152441032,1,269,68
807,40.87374680590761,-73.86931469446479,Private room,8,282,2.908768542315825,8,309,137
808,40.87022740516271,-74.10740221606626,Entire home/apt,12,31,4.694068419892581,3,30,185
809,40.68033574856165,-74.11294533233296,Entire home/apt,6,145,8.57857783517489,1,313,131
810,40.5452952183363,-74.1508021751433,Private room,6,155,3.049031243850635,1,103,84
811,40.89393647958493,-73.86984864014933,Entire home/apt,2,15,1.9267639648670032,2,169,149
812,40.83555923457837,-73.81781366888913,Private room,1,46,1.2907124693088146,6,185,62
813,40.5498650724813,-74.0674767858375,Private room,13,250,2.9785939839021127,6,127,156
814,40.86833675304695,-74.18952751948454,Entire home/apt,14,186,7.800480870400435,3,209,185
815,40.84795854482485,-74.1589141662618,Entire home/apt,14,30,4.716263651952617,4,280,152
816,40.70753522285043,-73.7160699825775,Private room,2,259,2.2748160369354,2,252,109
817,40.73651017429797,-74.05227761126129,Entire home/apt,4,16,1.661849996097492,2,18,159
818,40.659601081548054,-73.81538842608093,Entire home/apt,2,38,3.327294765103791,7,199,114
819,40.521904655528814,-73.88766821557287,Entire home/apt,1,38,9.399243728857089,1,219,119
820,40.63407889665836,-74.00903018017355,Entire home/apt,7,131,3.4302671259002437,7,135,201
821,40.821141379439204,-74.09715636890222,Private room,11,29,9.881240759546353,1,222,124
822,40.50185280920184,-74.1393067909203,Entire home/apt,11,157,4.852304557653562,6,2,174
823,40.63339966867646,-73.89249351598058,Private room,12,277,1.7916391829015088,3,235,135
824,40.65926747743638,-73.8126831096811,Entire home/apt,8,202,8.911400917935094,8,341,180
825,40.71495824117517,-73.87804787322943,Entire home/apt,6,65,4.603553731348269,6,227,168
826,40.8679422465651,-73.93484893337542,Private room,4,107,7.0967134350452445,2,141,72
827,40.63853839774639,-74.17902438828419,Private room,14,267,9.837115832091518,8,8,100
828,40.638781280758494,-73.71575561120281,Entire home/apt,6,221,0.50175350319974,5,189,195
829,40.7950004992439,-73.80064290417272,Entire home/apt,3,291,0.9669455978756714,8,349,139
830,40.680887176355924,-74.05358898164953,Entire home/apt,12,17,7.204567414627562,8,164,148
831,40.58984192917599,-73.71001483532058,Entire home/apt,8,89,2.8182500329547198,6,138,151
832,40.68097580645308,-73.89905920518184,Private room,10,180,1.8430139695009906,2,275,98
833,40.55634280815192,-73.90878867089639,Entire home/apt,14,254,0.39361879819729495,8,290,181
834,40.57055479460249,-73.82596341028524,Entire home/apt,13,252,0.21846711986201806,6,52,161
835,40.69934710909579,-73.79411510595493,Entire home/apt,13,256,7.744856031197909,6,174,183
836,40.66757017980182,-73.87176069633425,Private room,2,86,1.3443342736955,8,109,101
837,40.865938360427236,-74.1359521268169,Shared room,5,89,4.677206159711509,1,202,100
838,40.644957559646656,-74.03086624700275,Entire home/apt,1,236,6.05896815179483,2,135,145
839,40.73223534011122,-73.73595817983698,Private room,6,69,4.283518005688462,9,3,117
840,40.75290571516781,-74.08769219407807,Entire home/apt,2,43,0.27106652336233106,8,154,162
841,40.505237782635334,-74.01391648808125,Entire home/apt,4,199,7.8350150258790885,7,171,164
842,40.765414948806686,-73.98396155852791,Private room,6,151,0.10513224541653488,7,357,78
843,40.5712143867479,-73.98029750515278,Private room,10,85,7.61889894377484,5,46,143
844,40.88442812698778,-73.89353020875274,Shared room,11,18,8.933044937881228,2,93,58
845,40.559465091101245,-73.72846208112765,Entire home/apt,8,100,4.328399210571723,6,47,154
846,40.66584964949081,-74.07965364408375,Entire home/apt,12,94,5.355424730977982,3,239,168
847,40.53413986723146,-74.13924931184954,Private room,8,253,4.7698339261765375,4,346,149
848,40.89874970073838,-74.10126475507003,Entire home/apt,11,29,3.892086186234388,2,212,152
849,40.7008780041325,-73.75653754989537,Entire home/apt,6,248,8.874245353703603,2,339,174
850,40.73815400692801,-73.8770945936724,Entire home/apt,4,32,8.939335106699906,8,323,184
851,40.52683059095537,-74.05704660538042,Private room,8,228,3.3581636464153455,8,138,93
852,40.79998418815967,-73.7920265305157,Entire home/apt,13,11,6.15069754014698,6,204,185
853,40.58396223723823,-73.76931500181828,Entire home/apt,8,117,9.269075621458642,5,72,181
854,40.859221715776286,-73.77674283065487,Private room,10,154,9.620584989413516,8,3,106
855,40.5820558561928,-73.74053673318022,Entire home/apt,14,245,5.089590404220475,4,75,161
856,40.57627508826547,-74.07387948991332,Entire home/apt,1,246,4.528248052843268,4,328,164
857,40.51461986713924,-73.82247903562687,Entire home/apt,4,28,2.786943159285258,5,76,116
858,40.688826778043996,-73.96973025136293,Entire home/apt,4,160,9.5887187319041,1,303,171
859,40.725936453305046,-73.77900072355497,Entire home/apt,7,234,1.4281430447286736,1,255,155
860,40.52628345577134,-73.8357546614192,Entire home/apt,14,189,5.7982957604772505,2,101,174
861,40.810211046678006,-73.81177627675014,Private room,14,116,2.8255026751863888,8,105,75
862,40.68131553389921,-73.87191908115946,Entire home/apt,11,270,2.790082903477966,7,332,195
863,40.70975610773103,-74.11128561526515,Shared room,7,257,4.049685873761884,9,38,110
864,40.67630509877529,-73.92748654055153,Entire home/apt,13,179,9.987929358156546,5,313,153
865,40.66030522435013,-73.70766513023774,Entire home/apt,11,171,0.5496630683982207,2,274,174
866,40.72385613252329,-73.73130596675145,Entire home/apt,8,273,5.785418182035315,7,87,178
867,40.56209609837229,-74.1784131321015,Entire home/apt,11,258,0.8257215803527718,8,210,205
868,40.57277125219811,-74.11759259213528,Private room,5,134,1.5452082999051897,7,76,82
869,40.8447142484054,-74.13413561327272,Entire home/apt,7,170,4.395629417728987,7,76,163
870,40.87844618485345,-73.83701004500736,Entire home/apt,8,209,5.104601313464413,5,27,178
871,40.6493237265119,-73.79110733507153,Private room,9,235,2.58792408364524,2,244,114
872,40.60829786925742,-74.09324431684466,Private room,3,185,3.164571308744162,6,65,119
873,40.757599817295606,-73.94707365352409,Private room,3,94,0.8696702025593306,4,265,86
874,40.66349366843924,-73.7796484859944,Entire home/apt,4,10,3.0321978384425052,2,204,143
875,40.51015454226414,-73.83359922761687,Private room,5,67,9.66558439380544,9,57,116
876,40.56246103894647,-73.92888139725407,Entire home/apt,10,209,9.447073816724817,7,200,198
877,40.786388891538955,-73.90482615477062,Entire home/apt,1,195,3.34878290136985,6,224,179
878,40.76356957676406,-73.94581972654186,Entire home/apt,7,97,5.708539362787616,5,141,156
879,40.51083839700139,-74.0512257743406,Entire home/apt,9,92,9.095953911109444,3,83,154
880,40.58878886477318,-73.9174890035705,Entire home/apt,8,21,0.061838226408966745,4,142,163
881,40.592429918635226,-73.85555734897495,Entire home/apt,5,171,8.106835703375918,3,351,171
882,40.76875709743949,-73.7633385420696,Private room,14,133,9.48369552788919,8,32,90
883,40.50788421510175,-73.88185432301037,Entire home/apt,14,24,0.9132573433355706,3,151,163
884,40.541643432793826,-73.81943923147843,Entire home/apt,4,184,1.6144768603292103,7,157,151
885,40.81996643414927,-74.11996418252272,Entire home/apt,12,84,9.607463027713553,7,140,130
886,40.57141786482173,-73.96922126279011,Private room,7,54,5.375401436403463,7,250,62
887,40.761098443140746,-74.19533419008646,Entire home/apt,5,250,0.14196634471723701,7,302,170
888,40.59527311241869,-74.0766605677392,Entire home/apt,7,143,2.5763199876352916,2,111,143
889,40.539776557103735,-73.8367691424435,Private room,12,166,4.499436742688596,3,143,60
890,40.59726887639978,-73.70409502432533,Private room,1,223,6.929089110247677,9,208,105
891,40.788906772742266,-74.15041095020639,Entire home/apt,1,219,7.3316037813679955,3,223,162
892,40.84227858724251,-73.99925284206935,Private room,10,178,9.95421512925456,2,42,124
893,40.83208794582679,-73.79996451565043,Private room,14,118,2.8751119938375904,9,263,89
894,40.65887341184738,-74.09798218268556,Private room,13,264,5.382201018684753,9,243,152
895,40.767234054628254,-73.92245752534886,Entire home/apt,3,149,5.33323547859605,4,2,195
896,40.58199371816633,-73.83346435198517,Private room,14,214,4.0564525944723755,9,124,101
897,40.617259092104405,-73.89200727486991,Entire home/apt,11,196,1.691618938424202,3,267,168
898,40.85853432740845,-74.10598763269229,Entire home/apt,2,41,9.774565631838426,7,83,182
899,40.5052007694043,-74.02230771565713,Entire home/apt,2,52,8.53317186666586,7,15,194
900,40.53420341234179,-73.8081041077573,Entire home/apt,7,250,4.983330282942372,8,333,147
901,40.58315450205841,-73.922886742934,Entire home/apt,12,294,6.032454226840298,4,58,159
902,40.51061288154953,-74.19738519322854,Private room,10,270,2.2726105355966233,3,176,101
903,40.57257417403592,-73.81950461998595,Entire home/apt,2,122,5.4378707039174685,3,62,153
904,40.73321662438788,-74.18234432252989,Entire home/apt,11,265,6.949701331214758,5,48,184
905,40.668569820236996,-73.82713310863438,Entire home/apt,4,28,5.151670283865888,1,306,153
906,40.857068684430786,-74.09875971991738,Entire home/apt,2,34,9.902851705849413,3,245,168
907,40.82697742469538,-73.72096325994032,Shared room,6,5,6.113416562477262,6,288,68
908,40.63672694067915,-74.01602962434896,Entire home/apt,8,110,3.7097371259216905,3,285,154
909,40.603769373372515,-74.03653419183097,Entire home/apt,10,293,7.721520276158381,5,331,146
910,40.65187696326691,-74.12555597483379,Entire home/apt,4,76,1.7046251158164205,9,14,156
911,40.736117977005925,-74.0471978922549,Entire home/apt,5,146,3.8451581370626653,2,337,154
912,40.60722545632915,-73.76167461908591,Entire home/apt,4,66,3.4695895037758584,2,254,131
913,40.74965956313965,-73.70183283118638,Private room,3,7,4.318070951077773,6,91,113
914,40.663764660876495,-74.01584523474658,Shared room,5,121,7.8177982592872635,6,278,38
915,40.72081887234079,-73.97569468452274,Entire home/apt,14,174,4.841730321634074,8,205,179
916,40.67445061165412,-73.83896453089864,Private room,9,178,7.940144502659628,2,93,74
917,40.617786303816764,-73.75690210976747,Private room,8,84,5.764889031398659,9,224,111
918,40.87938132278486,-73.90347783290662,Private room,8,44,3.4206943465755533,2,300,91
919,40.8054423176639,-74.0042371509111,Entire home/apt,8,135,8.099787436834724,1,317,193
920,40.55604527030658,-73.99368907957569,Entire home/apt,12,15,2.382896705530916,2,198,128
921,40.847387190359164,-73.8521909267516,Entire home/apt,8,194,2.2438297979979547,7,270,158
922,40.69497247929981,-74.19839086819786,Private room,7,8,5.045029240548358,8,233,83
923,40.85782089075764,-73.89020533127008,Private room,8,14,2.608492459620889,5,45,108
924,40.819942102378924,-74.02225349477932,Entire home/apt,11,101,0.09087034951216322,6,63,153
925,40.670085401787695,-73.80290133436147,Entire home/apt,14,225,6.482975272988015,1,229,165
926,40.50898772332805,-74.15350468008843,Private room,8,277,5.11093821472398,6,248,110
927,40.60747094375398,-73.9058988665258,Private room,13,112,4.455178144931612,8,245,59
928,40.716653685864344,-73.95951355505694,Shared room,14,0,9.669685146183154,3,74,69
929,40.753391287930455,-73.87883723704739,Private room,8,265,5.711991839629137,1,156,173
930,40.60315507417328,-74.16757320275852,Entire home/apt,12,207,8.634315777893844,4,222,176
931,40.55574242962913,-73.91000810628594,Entire home/apt,10,109,1.3945023620516017,1,189,138
932,40.83397209471972,-73.91925770602025,Private room,7,199,5.692064631294277,8,51,89
933,40.89376087228142,-73.91966995279192,Entire home/apt,12,11,8.67979626730903,5,87,163
934,40.710276072921076,-73.89825616670177,Entire home/apt,1,187,5.83105757279898,1,312,176
935,40.568671714339324,-73.86176603138682,Private room,4,153,7.180141781270015,8,338,99
936,40.60892293060775,-73.79750550015962,Entire home/apt,13,278,3.7204356781220738,9,65,192
937,40.507356270618985,-74.06508963993589,Private room,13,170,0.9244951703706661,2,149,65
938,40.8657195226242,-73.78747529490997,Entire home/apt,4,133,4.579002951270715,9,19,198
939,40.547100433156054,-73.95087215886828,Shared room,5,24,3.9447939083885752,8,32,77
940,40.7306065902057,-74.16147086043284,Entire home/apt,10,17,8.670601823789474,7,327,131
941,40.60962208827488,-74.17072453537801,Entire home/apt,6,189,2.4399530235247227,3,280,140
942,40.721671201006316,-74.03288084065197,Private room,4,140,9.66734227535108,2,45,126
943,40.76056815534074,-73.80755151144427,Entire home/apt,2,42,9.581381198044962,7,72,182
944,40.83189672148288,-73.84615953262954,Private room,6,283,2.476316430714387,5,353,113
945,40.58256850870424,-73.8056925176638,Private room,8,145,3.480519554773205,6,312,87
946,40.50439833146339,-73.94136547177919,Entire home/apt,8,91,8.95555740873885,4,342,162
947,40.55475425202752,-73.97990050102226,Entire home/apt,7,178,9.666222208961075,2,132,204
948,40.86000745673924,-74.12627373664687,Entire home/apt,6,55,4.434391028360441,9,54,164
949,40.849556031025,-74.03590362319535,Entire home/apt,2,154,3.2099704564089784,3,60,176
950,40.738965240868126,-73.98299031691306,Private room,7,159,5.260940132515421,7,344,130
951,40.74020674417346,-74.1556997851602,Private room,11,110,6.8776920636573475,8,7,130
952,40.7660146698185,-74.0896940236444,Private room,12,136,2.734745153749798,2,271,87
953,40.57014851144938,-73.90088735296813,Private room,14,231,7.364731746190728,6,245,78
954,40.865764778369986,-73.8321684428804,Entire home/apt,14,219,0.5165735711464103,8,175,153
955,40.66750820995683,-73.70082624430353,Private room,5,67,0.4929449276441644,7,115,74
956,40.653255411299796,-73.73344333432823,Private room,6,248,3.8628770514554525,3,316,127
957,40.70756708211314,-73.8787174002324,Private room,10,5,3.534731920607206,1,270,106
958,40.51878638671002,-73.98937597335296,Private room,8,279,3.1563321536715225,6,192,121
959,40.56651334750243,-73.88191131764589,Entire home/apt,14,93,4.9101976266891,8,149,133
960,40.79521344657055,-73.80717419095988,Private room,8,268,3.207335823115712,6,130,152
961,40.53311946717005,-74.1408319045383,Entire home/apt,3,196,1.9225791846809193,5,101,161
962,40.741260843786556,-73.99504755515186,Entire home/apt,12,24,3.094695490886009,8,309,164
963,40.59813964387253,-73.7800988571822,Entire home/apt,12,147,9.74904272810235,2,269,165
964,40.65571824561679,-74.00808352403348,Shared room,14,117,4.111134169948486,1,291,65
965,40.61547749470828,-73.9140638643864,Private room,7,65,4.447127768583358,1,209,107
966,40.642269086585976,-73.9061153195689,Private room,1,174,5.7654498995114,4,360,93
967,40.787618362073694,-74.10776187343318,Private room,1,75,9.833407684142266,6,337,123
968,40.61884868624927,-74.01888227917385,Entire home/apt,7,113,2.41601276435763,9,66,129
969,40.72656185611876,-74.03274435562903,Private room,10,110,6.812821105324338,1,9,100
970,40.69042016087964,-74.18690164573397,Entire home/apt,9,248,7.159846935417241,1,48,220
971,40.76546846614506,-74.18790411805432,Entire home/apt,7,202,6.0732441679306595,5,110,182
972,40.8747318957299,-73.78415147816212,Entire home/apt,10,146,0.8857833963664408,5,320,215
973,40.7930288388841,-74.0634645950136,Private room,5,34,6.768722758275764,5,218,94
974,40.585976151436306,-73.9409606168806,Private room,8,25,0.6409471103617548,6,56,126
975,40.51247325402451,-74.05063721320562,Entire home/apt,2,237,5.961426495498969,8,282,136
976,40.60490561771993,-73.72966037744233,Entire home/apt,9,13,7.395811772217426,3,112,123
977,40.7380311722801,-74.07035162056711,Private room,6,44,2.109698906199504,9,132,112
978,40.5205703253937,-73.98517159363054,Entire home/apt,13,215,8.416220075427741,1,70,136
979,40.698546498880496,-73.7636348747577,Private room,9,232,0.30353805533004263,4,82,109
980,40.73873713956675,-73.7790332166041,Shared room,2,192,8.43812863658306,9,56,92
981,40.63369755632679,-74.10694929107686,Entire home/apt,3,50,4.603290506427651,8,348,165
982,40.80836488149833,-73.79867834510215,Entire home/apt,12,213,2.175879399316445,9,270,171
983,40.54263930125351,-73.97090655663105,Private room,8,150,1.33778144993968,1,110,96
984,40.53005511269432,-73.95851556395732,Private room,1,274,9.533071675823725,9,356,121
985,40.79127550248144,-74.13326001379203,Entire home/apt,10,75,0.7266558758115671,3,75,169
986,40.69819652648248,-74.15969924312144,Shared room,7,219,1.9909341993592566,9,157,58
987,40.77536095857109,-73.83603034651313,Entire home/apt,7,186,3.4782234743304596,1,19,196
988,40.6739309354415,-73.95176942382236,Entire home/apt,13,288,6.202348489611205,1,130,200
989,40.59856081329564,-73.98157464869242,Private room,1,27,5.448010852760984,9,328,88
990,40.82764092706968,-73.8352458856738,Private room,9,179,1.2564349241231398,6,121,109
991,40.81976635158759,-73.81724355050444,Entire home/apt,8,252,2.897279837382146,4,40,204
992,40.77787858834177,-74.12054591616533,Private room,4,125,2.387517710860241,7,166,113
993,40.60885805489198,-73.89488742526119,Entire home/apt,10,176,2.135428544903414,5,129,185
994,40.73609226674763,-74.13232295886117,Entire home/apt,11,36,4.111443364799871,7,22,153
995,40.64438955877601,-73.82431245698548,Entire home/apt,5,98,7.040314525916569,8,278,149
996,40.53663282933066,-73.87152242186643,Private room,2,97,2.1745293221723596,8,250,89
997,40.86692543018489,-73.72169268945828,Entire home/apt,13,126,3.666788797029814,1,8,164
998,40.55472745236759,-74.1655209918218,Entire home/apt,9,167,3.909174268411623,8,12,150
999,40.88009494152832,-74.17147263942438,Entire home/apt,12,79,9.764565294354101,6,306,92
1000,40.678402309183184,-74.0589064626534,Private room,12,293,9.546663568790688,4,319,143
